Date,AIR.PA,ASML.AS,BNP.PA,DHL.DE,ENEL.MI,MC.PA,OR.PA,SAN.MC,SAP.DE,SHELL.AS
2024-04-15,157.264892578125,895.2686767578125,55.98995590209961,35.376220703125,5.184736251831055,761.7421875,401.875244140625,4.1593017578125,167.99703979492188,31.16851043701172
2024-04-16,155.5044708251953,897.7256469726562,54.338443756103516,34.6866569519043,5.1368608474731445,749.2828979492188,401.53668212890625,4.0537028312683105,166.74435424804688,30.63774871826172
2024-04-17,156.38467407226562,837.7724609375,54.61085510253906,34.75016784667969,5.129767894744873,770.5596313476562,404.5837097167969,4.110456943511963,165.15890502929688,30.68349838256836
2024-04-18,157.1279754638672,825.880126953125,55.72605514526367,34.74109649658203,5.206014633178711,763.6589965820312,409.7589416503906,4.228150844573975,165.5699462890625,30.62860107421875
2024-04-19,156.5216064453125,806.9112548828125,55.70051956176758,34.786460876464844,5.279600143432617,763.4673461914062,430.4113464355469,4.197448253631592,162.2620849609375,30.624021530151367
2024-04-22,157.89083862304688,799.2453002929688,56.713565826416016,35.06772994995117,5.36293888092041,763.6589965820312,426.5903625488281,4.342123508453369,162.55567932128906,31.03582000732422
2024-04-23,159.14268493652344,819.983154296875,57.9309196472168,35.43065643310547,5.425886154174805,773.6244506835938,426.3002014160156,4.417019844055176,171.12875366210938,31.00379180908203
2024-04-24,158.6536865234375,820.4744262695312,57.658512115478516,34.877193450927734,5.397516250610352,774.2050170898438,425.8648986816406,4.4467926025390625,171.81381225585938,31.127328872680664
2024-04-25,155.0350341796875,819.3933715820312,58.194828033447266,34.47797775268555,5.372691631317139,752.7261352539062,421.5119323730469,4.417485237121582,166.56817626953125,31.150209426879883
2024-04-26,153.60711669921875,845.838134765625,57.045570373535156,35.24011993408203,5.434752464294434,766.46484375,427.896240234375,4.512849807739258,170.28709411621094,31.154783248901367
2024-04-29,152.4726104736328,834.9057006835938,57.649993896484375,35.294559478759766,5.496813774108887,753.8871459960938,428.7311096191406,4.508105754852295,167.7621612548828,31.127328872680664
2024-04-30,151.27943420410156,820.132080078125,57.55635070800781,35.62118911743164,5.479969024658203,749.2431030273438,431.8250427246094,4.339662075042725,166.078857421875,30.871103286743164
2024-05-02,150.20362854003906,799.153564453125,57.420143127441406,35.85709762573242,5.534050464630127,742.08349609375,428.9275817871094,4.332544803619385,164.943603515625,30.884828567504883
2024-05-03,150.94691467285156,823.2837524414062,57.58189010620117,36.111141204833984,5.54114294052124,756.59619140625,433.05279541015625,4.299330234527588,167.0771026611328,30.633169174194336
2024-05-06,153.21591186523438,833.822265625,58.08415603637695,36.55836868286133,5.607635974884033,756.3059692382812,435.11541748046875,4.337289333343506,167.82086181640625,30.903125762939453
2024-05-07,155.3675537109375,841.3075561523438,59.25043487548828,36.72013473510742,5.659945011138916,763.7557983398438,436.9815979003906,4.486753463745117,170.63941955566406,31.00836181640625
2024-05-08,157.9690704345703,832.2463989257812,59.539878845214844,36.45370101928711,5.714912414550781,762.3045043945312,439.09332275390625,4.52803373336792,172.69461059570312,30.903125762939453
2024-05-09,158.8688507080078,835.1026611328125,60.110252380371094,37.081722259521484,5.769880771636963,763.3688354492188,445.7723388671875,4.526609897613525,173.98643493652344,31.077003479003906
2024-05-10,156.3260040283203,851.4521484375,60.61251449584961,37.66216278076172,5.988866806030273,762.7882690429688,445.37945556640625,4.492921352386475,172.3031463623047,31.484224319458008
2024-05-13,154.48733520507812,840.125732421875,60.97857666015625,37.66216278076172,5.986207008361816,757.1766967773438,447.4420471191406,4.5128493309021,172.909912109375,31.420162200927734
2024-05-14,155.2110595703125,828.0113525390625,60.88492965698242,37.48136901855469,5.952517032623291,766.1746215820312,448.7680358886719,4.510003089904785,170.95257568359375,31.058692932128906
2024-05-15,156.48248291015625,838.1558227539062,61.080726623535156,37.82392501831055,6.0659990310668945,763.3688354492188,448.6697998046875,4.56646728515625,172.34230041503906,30.7658634185791
2024-05-16,155.46536254882812,846.1336669921875,60.9615478515625,38.328243255615234,6.045608043670654,760.4662475585938,445.4285583496094,4.559349536895752,175.1568603515625,30.62162971496582
2024-05-17,155.46536254882812,840.125732421875,61.55746078491211,38.033267974853516,6.028763294219971,757.7572021484375,439.6335754394531,4.612492084503174,175.43434143066406,30.418230056762695
2024-05-20,157.40182495117188,851.6491088867188,62.059730529785156,37.947628021240234,5.9941864013671875,753.7903442382812,440.910400390625,4.629099369049072,177.77320861816406,30.436717987060547
2024-05-21,157.79302978515625,840.815185546875,62.096065521240234,37.28154373168945,5.971135139465332,743.147705078125,439.5844421386719,4.594936370849609,178.3876495361328,30.47369956970215
2024-05-22,156.87368774414062,841.2090454101562,61.350990295410156,37.205421447753906,5.917053699493408,727.4740600585938,445.330322265625,4.559823989868164,177.7137451171875,30.145479202270508
2024-05-23,157.73434448242188,863.1725463867188,60.96027755737305,36.748680114746094,5.856766223907471,728.3447875976562,442.9239501953125,4.539421558380127,179.7354736328125,30.265674591064453
2024-05-24,155.621826171875,867.2105712890625,61.069313049316406,37.05317306518555,5.812437534332275,725.6357421875,439.38800048828125,4.510003089904785,178.44711303710938,30.228689193725586
2024-05-27,155.95436096191406,869.2789916992188,60.933021545410156,37.14833068847656,5.905527591705322,731.6343383789062,441.3524169921875,4.516645908355713,178.8038787841797,30.371994018554688
2024-05-28,154.97634887695312,882.4766845703125,61.5963249206543,37.300575256347656,5.904641151428223,721.1851806640625,437.71826171875,4.518543243408203,175.63255310058594,30.32577133178711
2024-05-29,153.29415893554688,875.0899047851562,60.81489562988281,36.56788635253906,5.8248491287231445,700.6739501953125,432.4634704589844,4.449743270874023,174.24510192871094,30.575401306152344
2024-05-30,155.60227966308594,867.703125,61.5963249206543,36.529823303222656,5.86917781829834,710.5425415039062,436.7851867675781,4.543691635131836,167.0699462890625,30.487567901611328
2024-05-31,152.4726104736328,857.656982421875,61.5145378112793,36.786739349365234,5.901095390319824,711.0262451171875,444.053466796875,4.587818622589111,164.47341918945312,30.70022201538086
2024-06-03,151.8858184814453,867.2105712890625,61.84164810180664,36.777225494384766,5.984433650970459,714.0255737304688,441.2541809082031,4.6034770011901855,166.7528076171875,30.399738311767578
2024-06-04,149.24517822265625,859.725341796875,60.72403335571289,36.70110321044922,5.972021579742432,711.1229858398438,444.053466796875,4.498615264892578,167.0897674560547,29.7109317779541
2024-06-05,149.81240844726562,929.358154296875,60.178855895996094,37.33863830566406,6.04028844833374,728.1512451171875,447.4911804199219,4.441202163696289,169.98361206054688,29.678571701049805
2024-06-06,150.1449432373047,943.0484619140625,60.74220657348633,37.795379638671875,6.026989459991455,737.9232177734375,448.0313720703125,4.501462936401367,176.12806701660156,29.881977081298828
2024-06-07,146.70233154296875,944.4273681640625,60.30606460571289,37.58604049682617,5.948970317840576,737.7296752929688,447.2456359863281,4.492447376251221,175.77130126953125,29.89584732055664
2024-06-10,146.17420959472656,948.8594360351562,57.434776306152344,37.310089111328125,5.921486854553223,722.055908203125,444.4954528808594,4.470620155334473,175.23614501953125,30.237937927246094
2024-06-11,145.2353057861328,944.722900390625,55.19953918457031,36.80577087402344,5.823075771331787,712.6710205078125,443.36590576171875,4.371452808380127,173.82884216308594,30.219446182250977
2024-06-12,146.07640075683594,970.7243041992188,56.171775817871094,37.110267639160156,5.887795925140381,711.5100708007812,447.2456359863281,4.365284442901611,179.7751007080078,30.140853881835938
2024-06-13,142.59466552734375,951.9126586914062,54.51805877685547,36.75819778442383,5.81066370010376,707.7367553710938,442.87481689453125,4.176438331604004,176.3857421875,29.955944061279297
2024-06-14,140.658203125,938.6163330078125,53.07332992553711,35.920833587646484,5.618275165557861,688.2897338867188,432.61083984375,4.155086040496826,173.2144012451172,29.817258834838867
2024-06-17,142.59466552734375,954.7688598632812,53.73663330078125,35.83519744873047,5.602316379547119,694.0947875976562,438.9460144042969,4.18497896194458,174.1856231689453,29.918960571289062
2024-06-18,144.86366271972656,968.9515380859375,54.02739715576172,36.13017654418945,5.718458652496338,687.0319213867188,433.69122314453125,4.224836349487305,174.42347717285156,30.02066421508789
2024-06-19,144.6876220703125,951.9126586914062,53.34592056274414,35.93034744262695,5.674129962921143,684.0325927734375,428.8784484863281,4.224361419677734,174.7009735107422,30.150102615356445
2024-06-20,145.48959350585938,973.974609375,54.618011474609375,36.301456451416016,5.753035545349121,690.418212890625,434.77166748046875,4.214397430419922,178.09033203125,30.38124656677246
2024-06-21,145.3135528564453,948.8594360351562,53.90927505493164,35.86374282836914,5.73530387878418,693.9979858398438,432.8072509765625,4.113806247711182,179.4381561279297,30.39048957824707
2024-06-24,145.5091552734375,934.184326171875,55.672027587890625,36.301456451416016,5.800024509429932,702.899169921875,434.2314453125,4.184030055999756,177.8524932861328,30.658611297607422
2024-06-25,131.8169403076172,935.8587036132812,55.02689743041992,36.253875732421875,5.831942081451416,712.8645629882812,428.7311096191406,4.156984806060791,180.0922393798828,30.843528747558594
2024-06-26,128.10047912597656,932.31298828125,54.74522018432617,36.40612030029297,5.805344104766846,703.3828735351562,429.8115539550781,4.12282133102417,184.35372924804688,30.5985164642334
2024-06-27,127.76795196533203,945.5108032226562,54.536231994628906,36.13017654418945,5.760128974914551,692.2564697265625,415.3240661621094,4.115703582763672,185.76100158691406,30.852773666381836
2024-06-28,125.44026947021484,949.6473388671875,54.09100341796875,35.95889663696289,5.757468223571777,690.418212890625,402.7518615722656,4.1095356941223145,187.82237243652344,31.060800552368164
2024-07-01,128.7459716796875,939.896728515625,56.03547668457031,36.653526306152344,5.857652187347412,688.8701782226562,404.9127197265625,4.2205657958984375,184.0167694091797,31.324302673339844
2024-07-02,128.98069763183594,951.3217163085938,55.63568115234375,36.682071685791016,5.8381476402282715,686.5481567382812,398.43017578125,4.102892875671387,183.5410614013672,31.486103057861328
2024-07-03,132.85362243652344,970.9213256835938,56.99863052368164,37.71925354003906,5.880703926086426,691.5792236328125,398.2337646484375,4.193045139312744,185.97903442382812,31.324302673339844
2024-07-04,133.10792541503906,969.3455200195312,58.07990646362305,37.947628021240234,5.8948893547058105,696.4168090820312,400.7383728027344,4.277029514312744,185.3447723388672,31.712623596191406
2024-07-05,133.28395080566406,978.0126953125,57.84366226196289,38.175994873046875,5.945423603057861,693.1272583007812,402.7518615722656,4.218193531036377,187.38632202148438,31.375152587890625
2024-07-08,132.6971435546875,982.8388061523438,56.825992584228516,38.33776092529297,5.917053699493408,673.0997314453125,398.2337646484375,4.2205657958984375,186.1574249267578,31.11165428161621
2024-07-09,128.94155883789062,967.8681640625,55.490299224853516,37.64313507080078,5.8948893547058105,664.5855712890625,392.9298400878906,4.160780429840088,183.10501098632812,31.028440475463867
2024-07-10,130.36947631835938,986.8768310546875,55.990047454833984,38.033267974853516,5.968475341796875,674.9379272460938,396.22021484375,4.268013954162598,184.1356964111328,31.093164443969727
2024-07-11,129.05894470214844,974.1715087890625,56.35350036621094,38.34727478027344,6.0190110206604,686.9351806640625,398.2828674316406,4.234800338745117,184.789794921875,31.000701904296875
2024-07-12,130.4281463623047,987.0738525390625,56.735130310058594,38.85159683227539,6.104123115539551,701.25439453125,405.2565002441406,4.278927326202393,187.0493621826172,31.019197463989258
2024-07-15,130.07606506347656,974.27001953125,57.007720947265625,38.88965606689453,6.020783424377441,682.6781005859375,399.068603515625,4.2238874435424805,186.07814025878906,30.959096908569336
2024-07-16,130.07606506347656,963.0421142578125,56.853248596191406,38.61370849609375,5.976454734802246,669.6166381835938,392.8807373046875,4.21392297744751,185.54298400878906,30.74182891845703
2024-07-17,129.17630004882812,857.7554931640625,57.27122116088867,38.25212097167969,6.000392436981201,667.7783813476562,396.3675537109375,4.245713233947754,181.61843872070312,30.93136215209961
2024-07-18,128.002685546875,825.844482421875,57.83457946777344,38.413883209228516,6.028763294219971,667.8751220703125,398.9704284667969,4.258998870849609,178.9624481201172,31.324302673339844
2024-07-19,128.90245056152344,816.9804077148438,57.28939437866211,37.9190788269043,5.980887413024902,657.7161865234375,397.2515563964844,4.208229064941406,179.87420654296875,30.820411682128906
2024-07-22,129.64573669433594,837.6634521484375,58.63417434692383,38.699344635009766,6.0111083984375,669.6166381835938,402.0643310546875,4.299805641174316,181.9752197265625,30.78342628479004
2024-07-23,129.2936553955078,847.9064331054688,58.77956008911133,38.318729400634766,6.030339241027832,669.1328735351562,397.4971008300781,4.333493709564209,194.9777069091797,30.418230056762695
2024-07-24,127.72883605957031,819.0487060546875,58.22528839111328,37.976173400878906,6.072464466094971,637.9789428710938,391.1618957519531,4.464926719665527,192.0838623046875,30.5291748046875
2024-07-25,126.12489318847656,787.5316162109375,58.66143035888672,38.1474494934082,6.0990214347839355,631.3998413085938,385.3669128417969,4.32163143157959,193.4713134765625,30.441341400146484
2024-07-26,128.02223205566406,808.1162719726562,58.5705680847168,38.5185546875,6.108179092407227,641.5587158203125,391.70208740234375,4.298856258392334,194.0262908935547,30.57077980041504
2024-07-29,127.35718536376953,795.6044311523438,58.07081985473633,38.64225387573242,6.089864253997803,633.431640625,385.6124572753906,4.240019798278809,191.15228271484375,30.561532974243164
2024-07-30,130.643310546875,795.0123901367188,58.37066650390625,39.041900634765625,6.071548938751221,631.2063598632812,385.3177795410156,4.281774520874023,190.29998779296875,30.5291748046875
2024-07-31,136.883056640625,839.2180786132812,57.66193771362305,39.251243591308594,6.038580417633057,631.786865234375,393.5191650390625,4.227683067321777,193.2731170654297,31.245716094970703
2024-08-01,130.97584533691406,818.891357421875,55.84466552734375,36.786739349365234,5.968982696533203,621.1442260742188,380.9469909667969,4.0402607917785645,189.7449951171875,31.0654239654541
2024-08-02,129.000244140625,727.322265625,54.20912170410156,35.27378463745117,5.939677715301514,610.0177612304688,374.26800537109375,3.8423988819122314,184.4924774169922,30.33501434326172
2024-08-05,127.63102722167969,736.104248046875,53.2459716796875,34.93122863769531,5.766597270965576,604.0192260742188,378.0986328125,3.7816648483276367,179.5967254638672,29.253276824951172
2024-08-06,130.1151885986328,769.7518920898438,52.54632568359375,34.81704330444336,5.767512798309326,601.6972045898438,378.3932800292969,3.7617366313934326,183.73927307128906,29.38271141052246
2024-08-07,132.9905548095703,785.4410400390625,54.02739715576172,35.2452392578125,5.888394832611084,610.8885498046875,384.0409240722656,3.8613781929016113,186.29615783691406,30.05764389038086
2024-08-08,131.5039825439453,783.7634887695312,53.991050720214844,34.56964111328125,5.886563301086426,612.726806640625,379.1299133300781,3.8575828075408936,186.59347534179688,30.177839279174805
2024-08-09,131.4061737060547,773.6002807617188,53.836585998535156,34.41739273071289,5.869163990020752,615.339111328125,375.9377746582031,3.889848232269287,188.2187957763672,30.256427764892578
2024-08-12,130.81935119628906,774.1922607421875,53.836585998535156,34.29369354248047,5.895720958709717,614.4683227539062,369.9463195800781,3.8803584575653076,187.60435485839844,30.533803939819336
2024-08-13,131.38661193847656,779.0271606445312,53.854759216308594,34.26514434814453,5.957077503204346,613.5975341796875,370.0936584472656,3.9031336307525635,189.86392211914062,30.418230056762695
2024-08-14,131.69956970214844,788.6973266601562,54.29090118408203,34.702857971191406,5.94242525100708,623.272705078125,373.77691650390625,3.8907968997955322,190.3594512939453,30.487567901611328
2024-08-15,133.90988159179688,820.9635009765625,54.94511795043945,35.68294906616211,,634.6893920898438,377.3619689941406,4.008944511413574,194.22450256347656,30.888391494750977
2024-08-16,134.59449768066406,821.4568481445312,55.53573226928711,35.920833587646484,6.016602516174316,636.7210693359375,378.4914855957031,4.012265682220459,195.03717041015625,30.78094482421875
2024-08-19,135.47471618652344,818.3980102539062,55.75380325317383,36.38709259033203,6.035833358764648,652.5884399414062,378.83526611328125,4.066357135772705,195.4732208251953,31.019193649291992
2024-08-20,135.4355926513672,821.5554809570312,55.34492111206055,36.08259582519531,6.024844646453857,655.7811889648438,378.2459411621094,4.023653507232666,194.1452178955078,30.17831039428711
2024-08-21,136.04196166992188,832.113525390625,55.590248107910156,36.149208068847656,6.046823024749756,656.7487182617188,383.5498352050781,4.038362979888916,194.73985290527344,30.07086753845215
2024-08-22,135.82679748535156,821.9502563476562,55.4993896484375,36.23484802246094,6.050485610961914,655.9747314453125,385.2686767578125,4.058291435241699,194.77947998046875,30.005464553833008
2024-08-23,137.70458984375,807.9385375976562,55.80832290649414,36.49176025390625,6.148473262786865,658.9739990234375,387.3804016113281,4.129464149475098,193.8677215576172,30.182985305786133
2024-08-26,138.037109375,786.427734375,55.8355827331543,36.434669494628906,6.143894195556641,659.8447875976562,388.2643737792969,4.1062140464782715,192.46044921875,30.51933479309082
2024-08-27,137.76327514648438,783.6649169921875,56.32624435424805,36.53934097290039,6.200672149658203,648.0410766601562,385.2686767578125,4.210127353668213,193.51095581054688,30.411888122558594
2024-08-28,137.76327514648438,788.7959594726562,56.22629165649414,36.67255783081055,6.254702568054199,644.5580444335938,384.4338073730469,4.238121509552002,193.4514923095703,30.187654495239258
2024-08-29,137.46986389160156,812.0828857421875,56.435279846191406,37.015113830566406,6.269354820251465,655.3941650390625,391.45654296875,4.25947380065918,197.23727416992188,30.388534545898438
2024-08-30,135.76812744140625,801.228759765625,56.86233901977539,37.300575256347656,6.2858381271362305,652.3948974609375,389.541259765625,4.2665910720825195,195.9489288330078,29.99612045288086
2024-09-02,133.90988159179688,807.8399658203125,56.726043701171875,37.795379638671875,6.307816982269287,651.3306274414062,388.3135070800781,4.248085975646973,198.0697479248047,30.080209732055664
2024-09-03,131.5821990966797,772.4160766601562,56.0445671081543,37.424278259277344,6.312396049499512,649.1053466796875,390.42523193359375,4.148443222045898,196.42462158203125,29.29071617126465
2024-09-04,130.643310546875,726.631591796875,56.262638092041016,,6.302322864532471,621.7247314453125,384.4829406738281,4.1323113441467285,191.84600830078125,28.96837615966797
2024-09-05,128.84376525878906,710.4491577148438,57.7982292175293,37.13881301879883,6.40580415725708,599.0848999023438,380.6523132324219,4.163627624511719,189.7251739501953,28.87027359008789
2024-09-06,125.51850891113281,671.9664916992188,56.49888229370117,36.60594940185547,6.45708703994751,592.1187744140625,375.98687744140625,4.073474407196045,189.01162719726562,28.22092628479004
2024-09-09,126.90728759765625,667.5262451171875,56.853248596191406,37.110267639160156,6.459835052490234,596.1823120117188,376.7235107421875,4.120449066162109,190.85496520996094,28.52457618713379
2024-09-10,127.57234954833984,663.5792846679688,56.49888229370117,37.224449157714844,6.485476016998291,592.5057983398438,369.8481140136719,4.029821395874023,190.81532287597656,28.099464416503906
2024-09-11,127.35718536376953,688.839599609375,56.88959884643555,37.33863830566406,6.459835052490234,587.2811889648438,361.1556396484375,4.0293474197387695,192.67848205566406,28.020048141479492
2024-09-12,127.6701431274414,712.8173828125,57.671024322509766,38.27115249633789,6.485476016998291,587.0877075195312,358.70013427734375,4.105739593505859,197.39584350585938,28.314355850219727
2024-09-13,127.63102722167969,724.263427734375,57.58015823364258,37.881019592285156,6.518443584442139,588.345458984375,360.1242980957031,4.180708408355713,198.85267639160156,28.505891799926758
2024-09-16,126.57476806640625,710.3505859375,57.507469177246094,37.70022201538086,6.531264781951904,583.9916381835938,359.3876647949219,4.21392297744751,198.35714721679688,28.39844512939453
2024-09-17,126.86817932128906,716.3695678710938,58.56147766113281,37.881019592285156,6.578884601593018,587.9584350585938,361.7940673828125,4.280826091766357,198.85267639160156,28.618005752563477
2024-09-18,125.8901596069336,705.5154418945312,58.28889465332031,37.96665954589844,6.49646520614624,576.541748046875,359.2894287109375,4.278453350067139,197.79226684570312,28.63669204711914
2024-09-19,130.5063934326172,737.9790649414062,59.215702056884766,37.70022201538086,6.38565731048584,594.0537719726562,372.2545166015625,4.365284442901611,204.2538604736328,29.131879806518555
2024-09-20,127.96354675292969,707.1929321289062,58.861331939697266,36.05405044555664,6.4012250900268555,572.6717529296875,363.9057922363281,4.325901985168457,202.66819763183594,28.77684211730957
2024-09-23,130.01739501953125,708.7716674804688,56.70786666870117,35.90180206298828,6.465329647064209,575.7677612304688,361.25384521484375,4.25947380065918,204.9971466064453,29.108522415161133
2024-09-24,131.953857421875,717.9483032226562,57.08041000366211,36.47273254394531,6.513864994049072,594.1505126953125,376.47796630859375,4.32163143157959,204.9971466064453,29.103849411010742
2024-09-25,130.56507873535156,725.250244140625,56.617008209228516,36.62498092651367,6.500128746032715,597.4400634765625,375.2502136230469,4.289841175079346,199.9923858642578,28.61333656311035
2024-09-26,131.38661193847656,749.7212524414062,57.4620361328125,37.614585876464844,6.553243637084961,656.4584350585938,401.3768005371094,4.398972988128662,202.66819763183594,27.389387130737305
2024-09-27,130.8780517578125,747.2544555664062,57.51655578613281,38.25212097167969,6.605442047119141,680.5496215820312,398.724853515625,4.417478084564209,203.85743713378906,27.52953338623047
2024-09-30,128.335205078125,735.7095336914062,55.92644119262695,38.09035873413086,6.570642948150635,666.1336059570312,394.8942565917969,4.365758895874023,202.56907653808594,27.62296485900879
2024-10-01,125.90972900390625,731.9598999023438,55.55390167236328,37.24348068237305,6.612768173217773,642.4295043945312,384.6302490234375,4.152713775634766,202.46998596191406,28.141510009765625
2024-10-02,124.54049682617188,747.3530883789062,55.390350341796875,36.786739349365234,6.512949466705322,646.6865844726562,387.2821960449219,4.200162887573242,201.92491149902344,28.646038055419922
2024-10-03,123.77764129638672,745.0835571289062,54.59983825683594,36.60594940185547,6.395730972290039,639.5269775390625,382.7640686035156,4.201111793518066,199.0013427734375,28.818885803222656
2024-10-04,124.0514907836914,747.4517211914062,55.29948425292969,36.349029541015625,6.369173049926758,640.3977661132812,386.34912109375,4.251407146453857,198.9022216796875,29.09450912475586
2024-10-07,124.59918212890625,737.6829223632812,56.162689208984375,36.349029541015625,6.3554368019104,657.7161865234375,387.5277404785156,4.327325344085693,198.5058135986328,29.62706756591797
2024-10-08,123.5624771118164,742.1233520507812,56.24446487426758,36.26339340209961,6.389320373535156,634.2056884765625,380.0138854980469,4.329223155975342,203.16371154785156,28.996402740478516
2024-10-09,124.6383056640625,757.319091796875,56.42619323730469,36.60594940185547,6.411298751831055,635.076416015625,383.0587158203125,4.303126811981201,205.98818969726562,29.103849411010742
2024-10-10,125.08818817138672,752.4840087890625,56.262638092041016,35.74955749511719,6.393898963928223,633.7218627929688,383.0587158203125,4.303600788116455,204.20431518554688,29.21129608154297
2024-10-11,129.99781799316406,760.4766845703125,56.480712890625,35.816165924072266,6.470824241638184,631.8836059570312,387.5768737792969,4.339188098907471,206.73147583007812,29.21129608154297
2024-10-14,132.1494598388672,781.494140625,57.171268463134766,36.19678497314453,6.571558475494385,617.0806274414062,384.5811462402344,4.370977878570557,209.65504455566406,29.225313186645508
2024-10-15,132.775390625,659.237548828125,57.88909149169922,36.13017654418945,6.601778984069824,605.0834350585938,369.7007751464844,4.397549629211426,207.92071533203125,28.347057342529297
2024-10-16,132.9709930419922,625.4912719726562,58.5887451171875,36.13969039916992,6.671377182006836,582.8306274414062,361.646728515625,4.37477445602417,208.76309204101562,28.57596206665039
2024-10-17,138.193603515625,625.7872924804688,59.615501403808594,36.05405044555664,6.703429698944092,589.603271484375,365.52642822265625,4.347728252410889,209.70460510253906,28.926332473754883
2024-10-18,136.49185180664062,655.6853637695312,60.21519470214844,36.158721923828125,6.714418411254883,602.9549560546875,366.066650390625,4.403243064880371,210.9434051513672,28.711441040039062
2024-10-21,135.7876739501953,648.8768920898438,59.788143157958984,35.82568359375,6.718997001647949,591.1512451171875,357.2268371582031,4.346304893493652,208.86221313476562,28.860931396484375
2024-10-22,138.13491821289062,657.9549560546875,59.69727325439453,35.85422897338867,6.56606388092041,595.9888305664062,360.7136535644531,4.379993438720703,213.3218994140625,29.052461624145508
2024-10-23,138.07623291015625,650.0609741210938,59.27022171020508,35.2642707824707,6.572474479675293,593.666748046875,351.72650146484375,4.375723361968994,216.69143676757812,28.77216911315918
2024-10-24,138.01754760742188,652.52783203125,59.361080169677734,35.98744201660156,6.594452857971191,608.2763061523438,352.3158264160156,4.330646514892578,217.08786010742188,28.767501831054688
2024-10-25,137.39161682128906,655.2905883789062,59.361080169677734,35.89228820800781,6.582547664642334,606.6314697265625,349.3200988769531,4.342034816741943,219.0699462890625,28.884288787841797
2024-10-28,136.80482482910156,646.8047485351562,59.988037109375,36.149208068847656,6.600862979888916,611.5657958984375,353.1506652832031,4.3961262702941895,220.7051544189453,28.491878509521484
2024-10-29,137.25469970703125,648.0114135742188,59.91535186767578,36.006473541259766,6.536759376525879,610.40478515625,349.27099609375,4.263743877410889,221.99351501464844,28.21625518798828
2024-10-30,136.6678924560547,627.0440063476562,59.51554870605469,35.54021453857422,6.484560012817383,598.0205688476562,342.4938049316406,4.280243873596191,217.58338928222656,28.146181106567383
2024-10-31,137.0786590576172,614.3843994140625,57.01680374145508,35.140567779541016,6.382910251617432,589.990234375,338.12298583984375,4.3598313331604,212.8759307861328,28.79085922241211
2024-11-01,138.48699951171875,620.2196655273438,57.280311584472656,35.635372161865234,6.421372413635254,591.1512451171875,340.33294677734375,4.475329875946045,212.8759307861328,29.09450912475586
2024-11-04,137.19601440429688,611.4173583984375,57.12583923339844,35.54021453857422,6.438772201538086,586.990966796875,338.27032470703125,4.469021320343018,211.8848876953125,29.15523910522461
2024-11-05,138.70217895507812,617.1537475585938,57.007720947265625,34.1033821105957,6.4085516929626465,583.0241088867188,341.11871337890625,4.495226860046387,213.7183074951172,29.34210205078125
2024-11-06,139.23028564453125,604.0985717773438,55.490299224853516,32.799766540527344,6.240965843200684,583.5078735351562,331.6895751953125,4.280243873596191,211.04249572753906,29.365459442138672
2024-11-07,141.22543334960938,617.8460693359375,53.65485763549805,33.59906768798828,6.131989479064941,598.891357421875,339.7927551269531,4.386521816253662,218.6239776611328,29.538307189941406
2024-11-08,139.17161560058594,614.6810913085938,54.29998779296875,33.71324920654297,6.115505218505859,578.9605712890625,328.74298095703125,4.304023265838623,219.41680908203125,29.197280883789062
2024-11-11,142.2816925048828,620.4175415039062,55.37217712402344,33.85598373413086,6.1860198974609375,580.02490234375,331.0020446777344,4.393801212310791,219.61502075195312,29.15056800842285
2024-11-12,137.03953552246094,623.3845825195312,53.954708099365234,33.15184020996094,6.035833358764648,553.80517578125,323.1444091796875,4.272964954376221,218.42576599121094,28.618005752563477
2024-11-13,135.41604614257812,620.8131103515625,53.71846008300781,32.72364044189453,6.0623908042907715,555.3532104492188,321.13092041015625,4.273935317993164,217.48426818847656,28.697425842285156
2024-11-14,135.8659210205078,664.2315063476562,54.03648376464844,33.408756256103516,6.200672149658203,565.4154052734375,323.93017578125,4.365654945373535,219.0699462890625,29.116960525512695
2024-11-15,135.00526428222656,628.0330200195312,54.618011474609375,33.58003616333008,6.216240406036377,567.2536010742188,321.37646484375,4.441844940185547,215.35353088378906,29.343732833862305
2024-11-18,135.4942626953125,622.6923217773438,54.89968490600586,33.85598373413086,6.13473653793335,569.4788818359375,319.11737060546875,4.48406457901001,216.6418914794922,29.584678649902344
2024-11-19,134.24240112304688,617.8460693359375,53.8911018371582,33.43730163574219,6.083453178405762,558.5459594726562,316.21990966796875,4.413698196411133,217.93023681640625,29.42877197265625
2024-11-20,134.80966186523438,609.7360229492188,53.146026611328125,33.132808685302734,6.0111083984375,556.7078247070312,314.50103759765625,4.373419284820557,218.6239776611328,29.3106632232666
2024-11-21,136.43316650390625,624.5714721679688,52.900691986083984,33.01862335205078,6.025759696960449,556.2239990234375,317.1529846191406,4.394287109375,222.68724060058594,29.78783416748047
2024-11-22,134.907470703125,635.0551147460938,51.71946334838867,33.418270111083984,6.156715393066406,564.0608520507812,323.1935119628906,4.2394795417785645,223.87649536132812,29.868148803710938
2024-11-25,135.27911376953125,644.8464965820312,51.77398681640625,33.503910064697266,6.174115180969238,573.252197265625,327.7607727050781,4.305478572845459,221.4980010986328,29.40042495727539
2024-11-26,133.69471740722656,632.9781494140625,51.15611267089844,32.87588882446289,6.146641731262207,576.6384887695312,326.53302001953125,4.2622880935668945,221.20068359375,29.17365264892578
2024-11-27,136.31581115722656,620.8131103515625,50.54732894897461,32.7521858215332,6.1713666915893555,570.93017578125,326.9259033203125,4.246759414672852,218.17799377441406,29.02246856689453
2024-11-28,141.9491729736328,635.8463134765625,51.0107307434082,32.9139518737793,6.199756145477295,567.4471435546875,323.04620361328125,4.245303153991699,218.17799377441406,28.979948043823242
2024-11-29,144.3159637451172,651.1763305664062,51.465049743652344,33.08523178100586,6.236386775970459,573.252197265625,322.8006286621094,4.246759414672852,222.8854522705078,29.027193069458008
2024-12-02,147.21090698242188,656.813720703125,50.82900619506836,33.44681930541992,6.255618095397949,591.9048461914062,327.5643310546875,4.246759414672852,228.98037719726562,28.852388381958008
2024-12-03,148.73660278320312,670.46240234375,50.683624267578125,33.380210876464844,6.329795837402344,594.9323120117188,323.7337341308594,4.3083906173706055,230.86334228515625,29.324832916259766
2024-12-04,150.82955932617188,676.0009155273438,51.33784103393555,33.04716873168945,6.358184337615967,595.9088745117188,327.31878662109375,4.343331336975098,239.53497314453125,29.07916259765625
2024-12-05,150.1645050048828,671.748046875,52.67353439331055,33.74179458618164,6.421372413635254,594.9323120117188,330.1671447753906,4.542299270629883,239.1881103515625,28.63033676147461
2024-12-06,151.7489013671875,670.1655883789062,53.218711853027344,33.86549758911133,6.397562503814697,615.6358032226562,337.48455810546875,4.5063886642456055,239.83229064941406,28.427183151245117
2024-12-09,153.5093231201172,667.5941772460938,54.57258224487305,34.14144515991211,6.339869022369385,637.3158569335938,343.47601318359375,4.514638423919678,238.34571838378906,29.140581130981445
2024-12-10,152.76602172851562,662.9457397460938,54.2454719543457,34.05580520629883,6.351773262023926,621.1046142578125,339.1051940917969,4.538902282714844,238.34571838378906,29.093338012695312
2024-12-11,152.80516052246094,670.8579711914062,54.1455192565918,34.19853591918945,6.335290431976318,628.721923828125,335.42193603515625,4.501049995422363,236.46273803710938,28.8476619720459
2024-12-12,156.38467407226562,675.8031005859375,53.53673553466797,33.64664077758789,6.327048301696777,630.8704223632812,338.3685607910156,4.524829387664795,239.33676147460938,28.894906997680664
2024-12-13,156.69764709472656,680.15478515625,53.55490493774414,33.60858154296875,6.358184337615967,624.0343627929688,337.239013671875,4.545211315155029,238.8907928466797,28.677579879760742
2024-12-16,154.38954162597656,680.4514770507812,53.44586944580078,33.3135986328125,6.427783012390137,616.4170532226562,335.5201721191406,4.534049987792969,238.49436950683594,28.3232479095459
2024-12-17,155.05458068847656,695.6826171875,52.92795181274414,32.43817901611328,6.369173049926758,620.7139892578125,338.7123107910156,4.32877254486084,236.90870666503906,27.808277130126953
2024-12-18,155.3675537109375,709.4300537109375,53.273231506347656,32.07659149169922,6.333458423614502,621.5929565429688,335.9130554199219,4.372933864593506,238.14752197265625,27.945289611816406
2024-12-19,153.07899475097656,683.2208251953125,52.52815628051758,31.89579963684082,6.228145122528076,612.8037109375,333.3102111816406,4.269082069396973,234.92662048339844,27.72796058654785
2024-12-20,151.3772430419922,678.5723266601562,52.228302001953125,32.00998306274414,6.232724189758301,613.3896484375,330.95294189453125,4.228318214416504,234.6293182373047,27.586225509643555
2024-12-23,150.51658630371094,676.297607421875,52.19195556640625,31.98143768310547,6.22631311416626,614.4639282226562,332.0333251953125,4.20405387878418,234.23289489746094,27.657094955444336
2024-12-24,150.32098388671875,680.946044921875,52.28282165527344,,,616.0264282226562,333.8013000488281,4.1938629150390625,,27.916940689086914
2024-12-27,151.8858184814453,677.3856201171875,53.19145584106445,32.27641296386719,6.270270824432373,620.7139892578125,338.3685607910156,4.2588911056518555,237.35467529296875,28.11064338684082
2024-12-30,150.9860382080078,664.5281372070312,53.36409378051758,32.3335075378418,6.305985450744629,614.5615234375,331.3948974609375,4.267141342163086,234.183349609375,28.11064338684082
2024-12-31,151.3772430419922,671.2535400390625,53.809326171875,,,620.6163330078125,335.7657165527344,4.3331403732299805,,28.455528259277344
2025-01-02,156.61941528320312,682.4295654296875,53.836585998535156,32.27641296386719,6.433277606964111,620.5186767578125,332.08245849609375,4.273449420928955,236.41319274902344,29.112234115600586
2025-01-03,155.0937042236328,680.4514770507812,53.146026611328125,32.03852844238281,6.422288417816162,596.9830932617188,326.0910339355469,4.269082069396973,232.746337890625,29.561059951782227
2025-01-06,156.13040161132812,739.5953979492188,54.545318603515625,32.552364349365234,6.437856197357178,619.7373657226562,331.9842224121094,4.4161248207092285,237.10691833496094,29.664997100830078
2025-01-07,154.9176483154297,730.2986450195312,54.88151550292969,32.81879806518555,6.40488862991333,629.4055786132812,330.265380859375,4.458829879760742,241.12063598632812,30.024059295654297
2025-01-08,155.0937042236328,716.3532104492188,54.645267486572266,32.9139518737793,6.398478031158447,620.8116455078125,325.5508117675781,4.435050964355469,242.55764770507812,29.518537521362305
2025-01-09,153.13768005371094,725.8479614257812,54.47262954711914,32.3525390625,6.440603733062744,632.8236083984375,325.9927978515625,4.435050964355469,242.9540557861328,29.81145477294922
2025-01-10,154.09613037109375,717.3422241210938,53.92744827270508,32.124168395996094,6.382910251617432,629.8938598632812,321.5728759765625,4.434080600738525,243.64779663085938,29.877599716186523
2025-01-13,152.02273559570312,703.6936645507812,54.19095230102539,31.90531349182129,6.305069923400879,631.2611083984375,322.5550842285156,4.453006744384766,241.7152557373047,30.250831604003906
2025-01-14,152.5508575439453,704.880615234375,55.25405502319336,31.448572158813477,6.338037490844727,635.7533569335938,320.83624267578125,4.548122882843018,245.1839141845703,30.132720947265625
2025-01-15,150.9860382080078,704.880615234375,56.40802001953125,32.79024887084961,6.455255508422852,622.2765502929688,323.6355285644531,4.625284194946289,251.32838439941406,30.3594970703125
2025-01-16,153.74403381347656,737.2217407226562,56.52614212036133,33.10426330566406,6.5056233406066895,679.2111206054688,332.8681945800781,4.641783714294434,252.76539611816406,30.392568588256836
2025-01-17,157.24533081054688,730.9908447265625,56.553401947021484,33.760826110839844,6.553243637084961,673.9375610351562,337.3372497558594,4.658283710479736,254.5492706298828,30.666587829589844
2025-01-20,159.82730102539062,739.7931518554688,57.19853591918945,34.341270446777344,6.411622524261475,667.1015014648438,334.734375,4.750973701477051,253.70687866210938,30.58626937866211
2025-01-21,159.70994567871094,724.3643798828125,57.34391403198242,33.836952209472656,6.413511276245117,684.875244140625,335.1272888183594,4.64857816696167,253.70687866210938,30.35004425048828
2025-01-22,161.50949096679688,739.89208984375,56.617008209228516,33.28505325317383,6.314377307891846,697.08251953125,343.4268798828125,4.598592758178711,259.950439453125,30.274456024169922
2025-01-23,162.99607849121094,707.4520263671875,57.5892448425293,33.637123107910156,6.295494556427002,703.7232055664062,348.2396545410156,4.711180210113525,260.0495300292969,30.213035583496094
2025-01-24,163.36770629882812,693.01220703125,57.7982292175293,33.941619873046875,6.30776834487915,716.9071044921875,352.0702819824219,4.738842010498047,260.0495300292969,29.561059951782227
2025-01-27,162.194091796875,644.450927734375,58.36158752441406,34.1033821105957,6.381410598754883,737.1222534179688,356.6866149902344,4.757767677307129,259.0585021972656,29.2303466796875
2025-01-28,163.13299560546875,639.5056762695312,58.67960739135742,34.37933349609375,6.410678863525391,733.0206298828125,361.0574035644531,4.769414901733398,260.2477722167969,29.26341438293457
2025-01-29,162.95693969726562,675.0119018554688,58.761383056640625,34.03677749633789,6.391796112060547,696.49658203125,350.00762939453125,4.859678268432617,264.80657958984375,29.38625144958496
2025-01-30,162.66355895996094,698.9463500976562,59.66093444824219,33.36117935180664,6.482433319091797,699.03564453125,357.0794677734375,4.879089832305908,265.64892578125,30.241384506225586
2025-01-31,163.44595336914062,714.770751953125,59.715450286865234,33.123294830322266,6.485265254974365,687.0237426757812,352.119384765625,4.817944049835205,266.09490966796875,30.38311767578125
2025-02-03,162.91783142089844,702.1112670898438,58.443363189697266,32.62849044799805,6.501315593719482,673.9375610351562,347.5521240234375,4.699048042297363,260.7928161621094,30.094926834106445
2025-02-04,162.37014770507812,704.583740234375,60.92393493652344,32.704612731933594,6.530583381652832,676.4766845703125,344.4090881347656,4.8417229652404785,264.9056396484375,30.30280303955078
2025-02-05,163.2307891845703,698.3529663085938,60.33332061767578,32.68558120727539,6.563628673553467,669.9336547851562,339.448974609375,5.243056297302246,268.3742980957031,30.213035583496094
2025-02-06,164.20880126953125,707.4520263671875,62.02338790893555,33.694217681884766,6.5069804191589355,680.578369140625,346.81549072265625,5.462406158447266,271.1987609863281,30.156343460083008
2025-02-07,163.25035095214844,695.2869262695312,63.10465621948242,33.11377716064453,6.50886869430542,668.17578125,334.5379638671875,5.364377975463867,268.572509765625,30.217761993408203
2025-02-10,163.75892639160156,710.669921875,63.1410026550293,33.561004638671875,6.534360408782959,669.25,336.35504150390625,5.322643756866455,268.572509765625,30.22248649597168
2025-02-11,163.54376220703125,717.211669921875,63.7225227355957,33.751312255859375,6.486209392547607,669.1524047851562,335.2746276855469,5.4895830154418945,275.856689453125,30.817773818969727
2025-02-12,166.14527893066406,712.0576171875,64.4585189819336,33.6847038269043,6.425785064697266,671.6914672851562,328.0063171386719,5.597316741943359,276.6495056152344,30.761077880859375
2025-02-13,166.24307250976562,731.3854370117188,63.69526290893555,35.17863082885742,6.523974895477295,690.6370849609375,336.1585998535156,5.552670478820801,277.7891845703125,30.534645080566406
2025-02-14,164.815185546875,725.7357177734375,63.5589714050293,34.84558868408203,6.4918742179870605,696.30126953125,337.239013671875,5.621580600738525,274.46923828125,30.783050537109375
2025-02-17,166.75164794921875,721.37451171875,63.4499397277832,35.07395935058594,6.452220916748047,685.070556640625,336.8952331542969,5.63905143737793,277.59100341796875,31.002792358398438
2025-02-18,169.19668579101562,709.876953125,64.59481048583984,35.16911315917969,6.43617057800293,688.5863037109375,335.7165832519531,5.785608768463135,275.856689453125,31.021902084350586
2025-02-19,165.20639038085938,711.16552734375,63.87699890136719,34.60770034790039,6.443723201751709,674.7189331054688,328.0063171386719,5.634198188781738,273.8250427246094,31.13176918029785
2025-02-20,161.4508056640625,703.6326293945312,64.39491271972656,34.78849792480469,6.415399551391602,679.2111206054688,331.8860168457031,5.6477861404418945,272.4871520996094,31.13654899597168
2025-02-21,156.48248291015625,703.830810546875,64.62207794189453,35.054927825927734,6.464494705200195,685.9495239257812,339.9400634765625,5.710874080657959,271.14923095703125,30.720949172973633
2025-02-24,160.72706604003906,707.2008666992188,64.58573150634766,35.65440368652344,6.5522990226745605,675.8906860351562,341.5606994628906,5.77978515625,271.84295654296875,30.59674835205078
2025-02-25,160.4923553466797,691.639404296875,65.52162170410156,35.52118682861328,6.594785213470459,668.17578125,341.5606994628906,5.867137432098389,269.9599609375,30.434329986572266
2025-02-26,163.83717346191406,708.1919555664062,66.07588958740234,36.13017654418945,6.601394176483154,683.8987426757812,344.31085205078125,6.048635005950928,272.7348937988281,30.720949172973633
2025-02-27,161.50949096679688,692.927978515625,65.97593688964844,35.61634063720703,6.596673488616943,676.8673095703125,343.868896484375,6.0156354904174805,265.1038818359375,30.964574813842773
2025-02-28,162.0571746826172,672.6089477539062,66.2031021118164,35.86374282836914,6.664650917053223,678.625244140625,346.7172546386719,6.038929462432861,262.9235534667969,30.720949172973633
2025-03-03,170.54635620117188,684.2056274414062,67.25711059570312,36.52030944824219,6.594785213470459,674.6212158203125,352.6595764160156,6.111722469329834,269.1175842285156,30.959800720214844
2025-03-04,165.0303497314453,654.668701171875,65.13999938964844,35.39748764038086,6.472991466522217,651.769287109375,351.6282653808594,5.741932392120361,256.6304626464844,29.78465461730957
2025-03-05,168.9815216064453,666.7610473632812,67.8386459350586,36.89141082763672,6.338924407958984,648.7418212890625,357.91436767578125,5.978753089904785,262.3289489746094,29.08721160888672
2025-03-06,169.25537109375,664.0848999023438,70.11931610107422,42.12491226196289,6.279443740844727,637.70654296875,359.2894287109375,6.12531042098999,259.00897216796875,29.101539611816406
2025-03-07,165.83230590820312,660.1201782226562,69.57413482666016,40.96402359008789,6.408790588378906,619.8350830078125,353.1506652832031,6.039899826049805,252.07167053222656,29.26873779296875
2025-03-10,159.5338897705078,633.3585205078125,67.63874053955078,40.46921920776367,6.5522990226745605,615.5380859375,358.0125732421875,5.77590274810791,240.03048706054688,29.42637825012207
2025-03-11,159.41653442382812,626.4203491210938,66.29396057128906,39.765079498291016,6.574013710021973,606.2606201171875,349.909423828125,5.689521312713623,236.5122833251953,29.144535064697266
2025-03-12,160.4923553466797,639.8011474609375,66.95726776123047,39.622344970703125,6.578734874725342,597.4713745117188,343.7706604003906,5.82540225982666,240.3773651123047,29.435932159423828
2025-03-13,158.6536865234375,636.7285766601562,66.8300552368164,39.69847106933594,6.604226589202881,590.8306884765625,348.5343322753906,5.82928466796875,234.7779541015625,29.884973526000977
2025-03-14,165.480224609375,649.9110717773438,68.80179595947266,40.62146759033203,6.645768642425537,590.9283447265625,360.369873046875,6.031164646148682,240.42691040039062,30.085607528686523
2025-03-17,167.4753875732422,655.461669921875,70.79170227050781,40.355037689208984,6.671260356903076,595.420654296875,356.9812927246094,6.14084005355835,240.42691040039062,30.568084716796875
2025-03-18,168.00350952148438,660.0210571289062,72.88156127929688,40.726139068603516,6.680701732635498,595.713623046875,353.8382263183594,6.386395454406738,244.49017333984375,30.806936264038086
2025-03-19,167.53407287597656,667.157470703125,73.47217559814453,40.77371597290039,6.777003288269043,596.2994995117188,355.4097595214844,6.367954730987549,246.1254119873047,31.413616180419922
2025-03-20,163.68067932128906,666.5628051757812,71.82754516601562,39.94586944580078,6.844037055969238,590.3424072265625,354.1820068359375,6.2116923332214355,247.90927124023438,31.556926727294922
2025-03-21,162.9765167236328,654.866943359375,72.43633270263672,38.965782165527344,6.897852897644043,588.3892211914062,346.4717102050781,6.250514984130859,249.6931610107422,31.351512908935547
2025-03-24,163.54376220703125,668.6442260742188,72.17282104492188,39.07044982910156,6.805327415466309,582.3344116210938,342.9848937988281,6.310690402984619,249.6931610107422,31.40406036376953
2025-03-25,168.53164672851562,668.7433471679688,74.12638854980469,39.432037353515625,6.8459248542785645,584.28759765625,342.0027160644531,6.424248218536377,256.4322509765625,31.88176155090332
2025-03-26,166.790771484375,651.3978881835938,73.05420684814453,38.58515930175781,6.879914283752441,580.5765991210938,336.6496887207031,6.310690402984619,247.8597412109375,32.488441467285156
2025-03-27,164.99122619628906,636.8276977539062,72.39089965820312,38.05229949951172,6.959220886230469,575.3030395507812,335.9130554199219,6.262161731719971,247.01734924316406,32.56487274169922
2025-03-28,162.6048583984375,620.0767822265625,71.37322998046875,37.90005111694336,7.1140594482421875,573.349853515625,338.9578857421875,6.132104396820068,244.53973388671875,32.082401275634766
2025-03-31,159.2013702392578,600.64990234375,69.88307189941406,37.56700897216797,7.078182697296143,558.3106079101562,336.7479248046875,6.0136942863464355,242.21078491210938,32.416786193847656
2025-04-01,164.36529541015625,614.2289428710938,71.31871032714844,37.87150192260742,7.097065448760986,561.6309204101562,346.81549072265625,6.13695764541626,247.90927124023438,32.27825164794922
2025-04-02,159.16226196289062,610.85888671875,70.64632415771484,37.31960678100586,7.153713703155518,561.7286376953125,349.909423828125,6.165104389190674,246.8686981201172,31.915199279785156
2025-04-03,154.5460205078125,573.5910034179688,66.96634674072266,35.46409225463867,7.349149227142334,530.1851196289062,344.6546325683594,5.844813346862793,236.80960083007812,30.45821189880371
2025-04-04,143.67047119140625,559.1198120117188,62.39591979980469,33.28505325317383,7.005484104156494,517.587158203125,343.47601318359375,5.3323493003845215,229.1290283203125,28.184356689453125
2025-04-07,133.7925262451172,545.144287109375,60.06072998046875,32.03852844238281,6.474879741668701,495.7118225097656,329.87249755859375,5.0887346267700195,219.41680908203125,26.7034854888916
2025-04-08,137.1569061279297,568.734130859375,60.14250946044922,32.42866516113281,6.574013710021973,507.6260681152344,337.48455810546875,5.342055320739746,221.79531860351562,27.06175994873047
2025-04-09,130.54551696777344,549.4063110351562,57.95269775390625,31.039405822753906,6.411622524261475,486.727294921875,329.626953125,5.207144260406494,212.47950744628906,25.571331024169922
2025-04-10,136.39405822753906,572.5006103515625,61.087493896484375,32.59994125366211,6.581567287445068,511.92303466796875,340.8731384277344,5.495406627655029,227.9397735595703,25.977378845214844
2025-04-11,131.89517211914062,572.2032470703125,59.615501403808594,32.51430130004883,6.603282451629639,512.1183471679688,341.41339111328125,5.423583030700684,222.78636169433594,25.590438842773438
2025-04-14,136.1984405517578,584.7911376953125,62.241455078125,34.0653190612793,6.684477806091309,517.684814453125,344.556396484375,5.62740421295166,226.75051879882812,26.283105850219727
2025-04-15,137.8415069580078,600.0552368164062,64.13141632080078,34.4935188293457,6.810992240905762,477.20562744140625,337.6809997558594,5.82928466796875,230.56602478027344,26.722591400146484
2025-04-16,137.4111785888672,568.9324340820312,65.04004669189453,34.484004974365234,6.8855791091918945,473.83642578125,335.5201721191406,5.847725868225098,230.2687225341797,27.200292587280273
2025-04-17,133.4600067138672,559.2189331054688,64.27679443359375,34.04629135131836,6.960165977478027,474.2270812988281,335.7657165527344,5.767167568206787,223.97560119628906,27.33882713317871
2025-04-22,133.05999755859375,556.1463012695312,65.0763931274414,34.217567443847656,7.078182697296143,475.8872375488281,356.9321594238281,5.87490177154541,216.54278564453125,27.26717185974121
2025-04-23,138.83999633789062,575.7715454101562,67.07539367675781,35.12153625488281,7.0375847816467285,488.582763671875,367.8345947265625,6.134045600891113,239.53497314453125,27.276723861694336
2025-04-24,137.25999450683594,586.47607421875,65.63066101074219,35.27378463745117,7.081014633178711,495.4237365722656,374.0224609375,6.069987773895264,238.98989868164062,27.377042770385742
2025-04-25,140.60000610351562,585.5216674804688,66.15766143798828,35.483123779296875,7.109338760375977,494.53143310546875,367.5399475097656,6.2272210121154785,242.5081024169922,27.673215866088867
2025-04-28,144.32000732421875,581.1468505859375,67.32980346679688,35.36893844604492,7.1282219886779785,497.70404052734375,372.4509582519531,6.342719554901123,246.57138061523438,27.72098731994629
2025-04-29,143.97999572753906,581.6441040039062,67.96585083007812,35.235721588134766,7.213193893432617,485.1127014160156,381.0943298339844,6.350617408752441,252.31942749023438,27.611112594604492
2025-04-30,147.13999938964844,579.1583862304688,67.50244140625,35.69246292114258,7.216970443725586,483.7247009277344,380.11212158203125,6.102831840515137,253.01315307617188,27.525129318237305
2025-05-02,154.9600067138672,605.406982421875,69.38331604003906,36.32999801635742,7.247182846069336,491.606689453125,386.29998779296875,6.255846977233887,263.91461181640625,28.026714324951172
2025-05-05,158.27999877929688,603.3189086914062,69.38331604003906,36.939998626708984,7.288724422454834,488.0374755859375,389.8500061035156,6.302244663238525,264.9552307128906,27.482135772705078
2025-05-06,156.63999938964844,598.0493774414062,69.05621337890625,37.060001373291016,7.26606559753418,484.9144592285156,381.1000061035156,6.267693042755127,261.9820861816406,27.596784591674805
2025-05-07,154.5800018310547,601.2310180664062,69.07437896728516,36.77000045776367,7.310439586639404,479.36236572265625,374.3999938964844,6.269667625427246,259.1576232910156,27.467803955078125
2025-05-08,158.3800048828125,626.8829956054688,69.96484375,37.459999084472656,7.159378528594971,483.12982177734375,375.3500061035156,6.476978302001953,260.4459533691406,27.644556045532227
2025-05-09,158.44000244140625,623.2042236328125,70.41915893554688,37.27000045776367,7.307607173919678,491.5075378417969,383.20001220703125,6.567800045013428,259.3062744140625,27.897735595703125
2025-05-12,158.5800018310547,663.07421875,71.82754516601562,39.040000915527344,7.257567882537842,525.9601440429688,394.54998779296875,6.678365707397461,260.1486511230469,28.485309600830078
2025-05-13,161.10000610351562,679.7778930664062,71.85480499267578,39.34000015258789,7.298165798187256,532.305419921875,385.1499938964844,6.696135520935059,260.0,28.83880615234375
2025-05-14,159.5,682.6611328125,72.61804962158203,39.04999923706055,7.311384201049805,520.7055053710938,372.6000061035156,6.808675289154053,262.3500061035156,28.685943603515625
2025-05-15,159.22000122070312,678.2864990234375,72.32728576660156,39.0099983215332,7.429400444030762,502.95867919921875,376.8999938964844,6.7820210456848145,263.20001220703125,28.606653213500977
2025-05-16,160.24000549316406,664.5656127929688,72.136474609375,38.650001525878906,7.511540412902832,499.5877685546875,373.8500061035156,6.824470520019531,266.25,28.853219985961914
2025-05-19,161.89999389648438,658.5999755859375,74.6022720336914,39.0,7.566300392150879,494.3331604003906,378.54998779296875,6.854085922241211,265.45001220703125,28.611488342285156
2025-05-20,161.83999633789062,656.2138061523438,75.07608795166016,39.040000915527344,7.638998508453369,500.5792236328125,381.04998779296875,6.953793048858643,265.1000061035156,28.722686767578125
2025-05-21,162.10000610351562,660.8868408203125,75.3661880493164,39.060001373291016,7.629558086395264,489.4255065917969,385.45001220703125,6.945895195007324,265.79998779296875,28.558307647705078
2025-05-22,161.25999450683594,653.0321044921875,74.94071197509766,38.68000030517578,7.670154571533203,480.94866943359375,379.75,6.983408451080322,265.5,28.190874099731445
2025-05-23,157.3000030517578,638.91357421875,73.33552551269531,38.02000045776367,7.627669811248779,474.90087890625,372.95001220703125,6.880740165710449,260.54998779296875,28.036165237426758
2025-05-26,160.22000122070312,650.2482299804688,74.66996002197266,38.689998626708984,7.675820350646973,479.31280517578125,374.04998779296875,6.967613697052002,262.29998779296875,28.30690574645996
2025-05-27,162.1999969482422,662.27880859375,74.86334991455078,39.08000183105469,7.619171619415283,477.77606201171875,373.3999938964844,7.014011859893799,265.6499938964844,28.374588012695312
2025-05-28,162.33999633789062,657.0091552734375,74.05109405517578,38.810001373291016,7.586127281188965,479.5110778808594,366.45001220703125,6.943921089172363,263.29998779296875,28.335912704467773
2025-05-29,162.55999755859375,661.6822509765625,74.29283905029297,39.02000045776367,7.577630043029785,477.1316223144531,366.1000061035156,6.939972400665283,262.45001220703125,28.2102108001709
2025-05-30,162.0800018310547,650.1488037109375,74.59259796142578,39.369998931884766,7.633334159851074,474.15728759765625,372.3999938964844,6.940959453582764,265.8999938964844,28.26339340209961
2025-06-02,162.5800018310547,642.4929809570312,74.17680358886719,39.22999954223633,7.6248369216918945,473.1163024902344,371.04998779296875,6.950831413269043,264.29998779296875,28.45677947998047
2025-06-03,166.44000244140625,649.3533935546875,74.66996002197266,39.58000183105469,7.616339683532715,469.5470886230469,374.70001220703125,6.910356521606445,269.54998779296875,28.969253540039062
2025-06-04,170.17999267578125,648.6574096679688,74.10911560058594,40.36000061035156,7.6257805824279785,472.57098388671875,384.8500061035156,6.860996246337891,271.29998779296875,28.621158599853516
2025-06-05,165.5,655.2195434570312,74.94071197509766,40.279998779296875,7.5653557777404785,466.0770568847656,382.25,6.958728790283203,270.95001220703125,28.596986770629883
2025-06-06,165.33999633789062,663.7701416015625,75.55957794189453,40.779998779296875,7.581406116485596,467.2171936035156,381.3500061035156,6.9873576164245605,272.3500061035156,28.901567459106445
2025-06-09,165.5,676.1983642578125,75.89801788330078,40.709999084472656,7.496434211730957,467.5146179199219,378.8999938964844,6.992293834686279,272.3500061035156,28.8967342376709
2025-06-10,163.9199981689453,680.5731811523438,73.77066802978516,41.099998474121094,7.512484073638916,470.7864074707031,382.29998779296875,6.8511247634887695,265.70001220703125,29.800811767578125
2025-06-11,163.6199951171875,686.2406005859375,73.7029800415039,40.97999954223633,7.526647090911865,466.57275390625,378.29998779296875,6.872842788696289,263.1499938964844,29.573583602905273
2025-06-12,162.8000030517578,672.718505859375,73.95439910888672,41.36000061035156,7.576685428619385,464.8377380371094,375.75,6.909368991851807,261.1499938964844,29.84916114807129
2025-06-13,161.5800018310547,660.787353515625,72.79402160644531,40.77000045776367,7.536087512969971,457.45147705078125,371.04998779296875,6.771162033081055,254.75,30.08122444152832
2025-06-16,162.02000427246094,666.2557983398438,74.94071197509766,40.849998474121094,7.538920879364014,463.3505859375,370.20001220703125,7.036716938018799,257.45001220703125,29.955522537231445
2025-06-17,160.74000549316406,662.1793212890625,73.46124267578125,40.56999969482422,7.522870063781738,456.7574768066406,369.0,6.84816312789917,256.04998779296875,30.337461471557617
2025-06-18,162.97999572753906,661.1851196289062,74.04142761230469,40.63999938964844,7.514372825622559,460.07879638671875,370.0,6.872842788696289,252.9499969482422,30.303617477416992
2025-06-19,161.75999450683594,649.3533935546875,72.17515563964844,40.220001220703125,7.505875587463379,448.6772155761719,363.6000061035156,6.707981586456299,247.75,30.709728240966797
2025-06-20,167.5,646.6688842773438,71.84638977050781,40.619998931884766,7.546473503112793,446.0994873046875,364.95001220703125,6.826444625854492,251.14999389648438,30.482500076293945
2025-06-23,167.0,664.8639526367188,70.66667938232422,39.88999938964844,7.634278297424316,445.95074462890625,359.0,6.7691874504089355,249.9499969482422,30.487335205078125
2025-06-24,170.60000610351562,687.4336547851562,72.89071655273438,39.029998779296875,7.668266773223877,449.66864013671875,363.54998779296875,6.981434345245361,254.9499969482422,29.41404151916504
2025-06-25,171.5399932861328,690.5159301757812,72.72633361816406,38.439998626708984,7.586127281188965,440.9935302734375,356.1000061035156,6.814598560333252,252.5,29.152971267700195
2025-06-26,176.10000610351562,673.513916015625,72.78434753417969,38.59000015258789,7.609731197357178,433.8055725097656,349.75,6.797816276550293,251.64999389648438,29.341520309448242
2025-06-27,178.1999969482422,678.584716796875,74.36052703857422,39.790000915527344,7.614450931549072,445.45501708984375,355.1499938964844,6.946882724761963,258.0,29.433380126953125
2025-06-30,177.25999450683594,673.7128295898438,73.7996826171875,39.209999084472656,7.605954170227051,440.7952575683594,363.1000061035156,6.937010288238525,258.1499938964844,28.998260498046875
2025-07-01,172.32000732421875,664.3667602539062,72.71665954589844,39.150001525878906,7.781562805175781,465.0360107421875,372.8500061035156,6.875804901123047,255.60000610351562,29.143299102783203
2025-07-02,175.17999267578125,673.7128295898438,74.09944152832031,39.310001373291016,7.741909503936768,484.319580078125,372.8500061035156,7.028819561004639,253.10000610351562,29.389867782592773
2025-07-03,176.75999450683594,673.2156372070312,74.05109405517578,39.599998474121094,7.70414400100708,481.7418212890625,372.8500061035156,7.15518045425415,258.20001220703125,29.59292221069336
2025-07-04,175.3800048828125,655.6172485351562,72.40723419189453,38.939998626708984,7.6899824142456055,473.2649841308594,369.95001220703125,7.0377044677734375,255.5,29.56391716003418
2025-07-07,177.27999877929688,667.7471923828125,73.4322280883789,39.04999923706055,7.633334159851074,471.2821044921875,372.75,7.205526828765869,261.1499938964844,28.819379806518555
2025-07-08,178.9199981689453,675.00537109375,73.88671112060547,39.54999923706055,7.585183143615723,478.5196228027344,374.0,7.280553817749023,264.1499938964844,29.327016830444336
2025-07-09,182.36000061035156,675.900146484375,76.26547241210938,39.88999938964844,7.665434837341309,483.6751403808594,374.3500061035156,7.453312873840332,265.5,29.56875228881836
2025-07-10,183.3000030517578,686.0416870117188,75.33717346191406,40.119998931884766,7.566300392150879,500.6783752441406,382.25,7.246989727020264,263.1000061035156,29.93618392944336
2025-07-11,183.22000122070312,679.9766845703125,74.0704345703125,39.29999923706055,7.539864540100098,483.52642822265625,373.8500061035156,7.119641304016113,258.75,29.897506713867188
2025-07-14,183.0,683.357177734375,74.14778900146484,38.880001068115234,7.514372825622559,475.4461669921875,373.1000061035156,7.138398170471191,258.04998779296875,29.467222213745117
2025-07-15,180.13999938964844,702.04931640625,73.71265411376953,38.70000076293945,7.458669185638428,473.2649841308594,367.6000061035156,7.052512168884277,259.79998779296875,29.389867782592773
2025-07-16,181.0,622.2100219726562,73.5676040649414,38.56999969482422,7.424679756164551,471.52996826171875,364.0,7.080153465270996,259.79998779296875,29.191648483276367
2025-07-17,185.27999877929688,646.4700317382812,74.6022720336914,39.040000915527344,7.447339057922363,472.769287109375,364.04998779296875,7.1966423988342285,265.79998779296875,29.341520309448242
2025-07-18,186.22000122070312,629.8657836914062,75.26947784423828,39.06999969482422,7.4775519371032715,468.704345703125,362.54998779296875,7.16110372543335,264.04998779296875,29.394702911376953
2025-07-21,186.02000427246094,620.5197143554688,75.17278289794922,38.880001068115234,7.523402214050293,464.78814697265625,362.70001220703125,7.190719127655029,264.04998779296875,29.269001007080078
2025-07-22,181.32000732421875,598.9442138671875,74.53458404541016,38.9900016784668,7.626810073852539,461.5659484863281,367.95001220703125,7.135436534881592,259.5,29.288341522216797
2025-07-23,183.3800048828125,603.1200561523438,75.88835144042969,40.290000915527344,7.544864654541016,475.8427429199219,374.95001220703125,7.288451671600342,248.85000610351562,29.810483932495117
2025-07-24,182.60000610351562,612.3668212890625,76.1881103515625,40.689998626708984,7.474625587463379,466.2257385253906,373.6499938964844,7.47996711730957,246.10000610351562,29.73796272277832
2025-07-25,180.1999969482422,601.4298706054688,76.26547241210938,40.790000915527344,7.526329517364502,484.51788330078125,374.70001220703125,7.495762348175049,245.0,29.718624114990234
2025-07-28,177.63999938964844,626.3523559570312,74.82467651367188,40.900001525878906,7.511695861816406,485.01361083984375,373.6000061035156,7.455287456512451,244.0500030517578,30.08122444152832
2025-07-29,179.44000244140625,621.06884765625,75.88835144042969,39.779998779296875,7.496087074279785,470.73681640625,373.6000061035156,7.618174076080322,248.4499969482422,30.298782348632812
2025-07-30,178.86000061035156,625.5548706054688,76.45886993408203,39.79999923706055,7.573155403137207,476.6358947753906,388.54998779296875,7.595468521118164,253.0,30.158578872680664
2025-07-31,176.0399932861328,611.1995239257812,77.41616821289062,39.45000076293945,7.543888568878174,468.30780029296875,389.3500061035156,7.4394917488098145,250.8000030517578,30.453493118286133
2025-08-01,169.10000610351562,593.1555786132812,74.00274658203125,38.27000045776367,7.501940727233887,457.6993408203125,376.1000061035156,7.1028594970703125,244.64999389648438,30.16824722290039
2025-08-04,172.32000732421875,600.5326538085938,75.9076919555664,39.15999984741211,7.661930084228516,458.3437805175781,379.8500061035156,7.384209156036377,244.75,29.9506893157959
2025-08-05,175.1999969482422,595.2490234375,75.7916488647461,38.939998626708984,7.599494934082031,452.5934143066406,373.29998779296875,7.395068645477295,246.64999389648438,30.08122444152832
2025-08-06,177.89999389648438,591.0621337890625,76.6812744140625,38.849998474121094,7.622908115386963,453.7831726074219,374.6499938964844,7.510570049285889,248.85000610351562,30.438987731933594
2025-08-07,177.39999389648438,608.8069458007812,76.87466430664062,40.25,7.5673017501831055,457.154052734375,382.1499938964844,7.675431728363037,254.75,29.762136459350586
2025-08-08,176.22000122070312,614.9877319335938,78.80862426757812,40.83000183105469,7.591690540313721,457.40191650390625,384.3500061035156,7.853126525878906,250.10000610351562,29.82498550415039
2025-08-11,175.8000030517578,625.056396484375,78.85697174072266,40.58000183105469,7.620956897735596,454.0805969238281,380.3999938964844,7.897550106048584,249.35000610351562,29.747631072998047
2025-08-12,180.86000061035156,631.93505859375,79.05036163330078,41.540000915527344,7.650223255157471,453.23785400390625,379.3500061035156,7.912358283996582,232.0,30.105398178100586
2025-08-13,179.55999755859375,638.6142578125,80.2010726928711,41.689998626708984,7.749728679656982,465.5813293457031,388.1499938964844,8.031807899475098,239.0,30.013538360595703
2025-08-14,183.77999877929688,640.9071044921875,81.16804504394531,41.619998931884766,7.822895050048828,468.8530578613281,388.75,8.11275863647461,239.0,30.031147003173828
2025-08-15,186.8800048828125,634.726318359375,80.93596649169922,41.790000915527344,,472.02569580078125,392.8999938964844,8.138425827026367,237.0,30.006690979003906
2025-08-18,184.22000122070312,636.72021484375,79.5725326538086,40.900001525878906,7.783873081207275,471.77783203125,393.29998779296875,8.09795093536377,236.64999389648438,29.97245216369629
2025-08-19,183.83999633789062,640.3090209960938,80.12371063232422,41.79999923706055,7.8404541015625,485.70758056640625,400.0,8.134476661682129,236.89999389648438,30.119186401367188
2025-08-20,179.13999938964844,636.2216796875,80.55884552001953,41.38999938964844,7.899962425231934,489.32635498046875,406.70001220703125,8.069321632385254,233.75,30.212114334106445
2025-08-21,180.9199981689453,632.533203125,79.98833465576172,40.54999923706055,7.928253650665283,480.8495178222656,400.70001220703125,8.15125846862793,232.14999389648438,30.397977828979492
2025-08-22,180.72000122070312,644.1968994140625,80.62653350830078,40.18000030517578,7.913620948791504,490.86309814453125,399.0,8.209503173828125,232.60000610351562,30.544708251953125
2025-08-25,180.5399932861328,644.6953735351562,77.77395629882812,39.619998931884766,7.869721412658691,483.8734130859375,397.1000061035156,8.177913665771484,233.0,30.857736587524414
2025-08-26,179.8800048828125,648.583251953125,74.4862289428711,39.08000183105469,7.816066265106201,482.0888366699219,396.70001220703125,8.044642448425293,231.85000610351562,30.715896606445312
2025-08-27,178.25999450683594,658.1535034179688,74.00274658203125,39.209999084472656,7.786799430847168,497.70404052734375,401.25,7.959743022918701,236.39999389648438,30.96533966064453
2025-08-28,178.6199951171875,652.2717895507812,74.36052703857422,39.02000045776367,7.773141860961914,508.70904541015625,402.3500061035156,8.12954044342041,236.35000610351562,30.882190704345703
2025-08-29,179.05999755859375,634.6266479492188,74.29283905029297,38.880001068115234,7.691195964813232,499.78607177734375,397.8999938964844,8.055500984191895,231.6999969482422,30.901756286621094
2025-09-01,182.0,634.1282348632812,74.50557708740234,39.279998779296875,7.673636436462402,499.3894958496094,396.95001220703125,8.094001770019531,233.89999389648438,30.87240982055664
2025-09-02,179.16000366210938,615.2868041992188,73.4322280883789,38.29999923706055,7.585837364196777,508.60992431640625,396.79998779296875,7.9469099044799805,227.25,30.843063354492188
2025-09-03,184.6999969482422,623.3616333007812,73.6739730834961,38.459999084472656,7.6238837242126465,516.3431396484375,399.6000061035156,7.98047399520874,231.35000610351562,30.515361785888672
2025-09-04,186.86000061035156,645.592529296875,74.99872589111328,39.060001373291016,7.657052040100098,494.828857421875,404.3999938964844,8.081168174743652,233.1999969482422,30.51047134399414
2025-09-05,183.83999633789062,658.1535034179688,73.99307250976562,39.0,7.649247646331787,492.0032653808594,402.6499938964844,7.985410213470459,228.25,29.79637336730957
2025-09-08,187.82000732421875,674.5026245117188,74.16712951660156,39.119998931884766,7.620956897735596,491.90411376953125,402.1499938964844,8.182848930358887,230.4499969482422,29.977344512939453
2025-09-09,187.5399932861328,681.0822143554688,75.29850006103516,38.56999969482422,7.5702290534973145,487.78961181640625,396.3500061035156,8.216413497924805,230.3000030517578,30.251243591308594
2025-09-10,188.55999755859375,678.091552734375,75.57891845703125,38.400001525878906,7.626810073852539,485.5588684082031,388.1499938964844,8.366467475891113,223.6999969482422,30.19744300842285
2025-09-11,194.0,683.87353515625,76.78764343261719,38.52000045776367,7.626810073852539,483.1794128417969,383.8500061035156,8.431622505187988,219.8000030517578,30.070274353027344
2025-09-12,193.22000122070312,687.6616821289062,76.6812744140625,38.459999084472656,7.666807651519775,486.451171875,381.04998779296875,8.381275177001953,220.89999389648438,29.99201774597168
2025-09-15,196.3000030517578,727.1389770507812,77.67726135253906,38.349998474121094,7.726315975189209,499.8852233886719,388.6000061035156,8.499737739562988,214.64999389648438,29.850177764892578
2025-09-16,192.9199981689453,730.628173828125,76.5555648803711,38.08000183105469,7.634614944458008,503.35528564453125,377.3500061035156,8.295389175415039,210.9499969482422,29.894195556640625
2025-09-17,191.6999969482422,734.7154541015625,75.10509490966797,38.34000015258789,7.605348110198975,506.9244384765625,377.1499938964844,8.28354263305664,217.6999969482422,29.54693031311035
2025-09-18,191.6999969482422,791.5386962890625,75.80132293701172,38.130001068115234,7.5585222244262695,513.1705322265625,378.20001220703125,8.42175006866455,229.5,29.649642944335938
2025-09-19,193.86000061035156,791.2396850585938,76.97135925292969,37.68000030517578,7.56632661819458,506.23046875,369.6499938964844,8.543174743652344,227.5500030517578,29.454002380371094
2025-09-22,195.13999938964844,808.28662109375,76.08174896240234,37.04999923706055,7.655101299285889,502.6612548828125,362.0,8.44149398803711,227.5500030517578,29.483346939086914
2025-09-23,194.25999450683594,817.2587890625,76.32349395751953,37.65999984741211,7.671685218811035,518.72265625,374.70001220703125,8.575752258300781,226.1999969482422,29.850177764892578
2025-09-24,193.82000732421875,805.4953002929688,75.6369400024414,37.77000045776367,7.7653374671936035,504.7432861328125,367.1000061035156,8.6260986328125,228.0,30.08005714416504
2025-09-25,193.86000061035156,809.1838989257812,75.84000396728516,37.81999969482422,7.762410640716553,502.46295166015625,366.1000061035156,8.5974702835083,225.1999969482422,30.309938430786133
2025-09-26,195.72000122070312,810.2804565429688,77.54000091552734,38.08000183105469,7.778995037078857,511.28680419921875,366.8999938964844,8.736664772033691,225.14999389648438,30.80393409729004
2025-09-29,195.77999877929688,822.9411010742188,77.44999694824219,38.02000045776367,7.786799430847168,518.6234741210938,365.04998779296875,8.634984016418457,225.5500030517578,30.339282989501953
2025-09-30,197.39999389648438,825.5330200195312,77.33000183105469,37.939998626708984,7.86874532699585,516.0457153320312,368.5,8.760356903076172,225.5500030517578,29.801265716552734
2025-10-01,199.0800018310547,838.7918090820312,78.33999633789062,38.22999954223633,7.949715614318848,519.5157470703125,366.3500061035156,8.708036422729492,227.8000030517578,30.27570152282715
2025-10-02,202.0500030517578,874.8795776367188,77.52999877929688,38.7599983215332,7.95751953125,538.2540893554688,374.20001220703125,8.551072120666504,232.10000610351562,30.06049156188965
2025-10-03,203.5500030517578,877.371826171875,78.0,38.900001525878906,8.007272720336914,548.36669921875,376.54998779296875,8.634984016418457,230.14999389648438,30.42243194580078
2025-10-06,201.10000610351562,894.5184936523438,75.5,39.15999984741211,7.993615627288818,535.7754516601562,374.0,8.58167552947998,231.60000610351562,30.8919734954834
2025-10-07,202.4499969482422,872.0882568359375,74.62999725341797,38.68000030517578,7.967275142669678,555.2077026367188,379.25,8.486905097961426,235.0,31.38108253479004
2025-10-08,205.3000030517578,849.1595458984375,75.19999694824219,38.900001525878906,8.023857116699219,570.5750732421875,383.1000061035156,8.649791717529297,237.1999969482422,31.293041229248047
2025-10-09,204.64999389648438,847.165771484375,75.54000091552734,38.869998931884766,8.06190299987793,554.41455078125,376.1499938964844,8.536264419555664,237.8000030517578,31.385971069335938
2025-10-10,202.0,811.3770751953125,75.5,38.369998931884766,8.122386932373047,541.3275146484375,369.6499938964844,8.41089153289795,230.5500030517578,30.358848571777344
2025-10-13,202.35000610351562,841.3837280273438,75.44000244140625,38.7599983215332,8.144824981689453,535.7754516601562,370.0,8.510598182678223,231.39999389648438,30.46645164489746
2025-10-14,203.3000030517578,843.9756469726562,75.75,38.470001220703125,8.239452362060547,528.240478515625,368.5,8.41286563873291,232.6999969482422,30.27570152282715
2025-10-15,203.0,870.2938842773438,76.83000183105469,38.68000030517578,8.230672836303711,592.7833862304688,380.04998779296875,8.374364852905273,234.1999969482422,30.393085479736328
2025-10-16,205.4499969482422,874.6802368164062,77.9800033569336,39.150001525878906,8.330177307128906,597.0465698242188,386.3500061035156,8.469136238098145,233.1999969482422,30.270809173583984
2025-10-17,200.39999389648438,872.9854736328125,74.88999938964844,39.380001068115234,8.309691429138184,600.5166015625,390.6499938964844,8.184823989868164,230.9499969482422,30.314828872680664
2025-10-20,203.6999969482422,896.2132568359375,69.0999984741211,39.90999984741211,8.338958740234375,606.86181640625,395.3500061035156,8.331914901733398,238.60000610351562,30.593618392944336
2025-10-21,207.35000610351562,887.041748046875,67.93000030517578,39.63999938964844,8.355542182922363,611.5216064453125,398.0,8.257875442504883,240.39999389648438,30.73056983947754
2025-10-22,205.8000030517578,867.40283203125,68.37000274658203,39.470001220703125,8.27359676361084,617.8668823242188,371.3500061035156,8.28156852722168,236.85000610351562,31.175657272338867
2025-10-23,207.25,884.9483032226562,68.72000122070312,39.15999984741211,8.313593864440918,615.4873657226562,375.25,8.286504745483398,242.0,31.99246597290039
2025-10-24,208.4499969482422,891.6275024414062,68.4800033569336,39.20000076293945,8.280425071716309,607.2584228515625,374.70001220703125,8.263799667358398,233.35000610351562,31.968008041381836
2025-10-27,208.60000610351562,905.2850341796875,69.19000244140625,39.720001220703125,8.346761703491211,606.2669677734375,375.6499938964844,8.402006149291992,235.5500030517578,31.80171012878418
2025-10-28,207.75,906.183837890625,66.73999786376953,40.2599983215332,8.453096389770508,609.3404541015625,370.45001220703125,8.496777534484863,234.10000610351562,31.63541603088379
2025-10-29,208.39999389648438,918.1677856445312,66.94000244140625,39.790000915527344,8.49699592590332,613.5045166015625,368.29998779296875,8.864999771118164,224.3000030517578,32.021812438964844
2025-10-30,212.6999969482422,936.2434692382812,66.47000122070312,39.709999084472656,8.580892562866211,604.8789672851562,367.3500061035156,8.75,225.85000610351562,32.100067138671875
2025-10-31,213.39999389648438,916.8694458007812,67.05999755859375,39.79999923706055,8.557480812072754,606.86181640625,362.6499938964844,8.826000213623047,224.4499969482422,31.75279998779297
2025-11-03,214.14999389648438,925.2582397460938,66.0,39.75,8.598453521728516,611.5216064453125,361.8500061035156,8.847000122070312,228.85000610351562,31.757694244384766
2025-11-04,212.85000610351562,916.7696533203125,66.0,39.11000061035156,8.737956047058105,605.9695434570312,364.04998779296875,8.805999755859375,226.0500030517578,31.557157516479492
2025-11-05,212.35000610351562,905.3848876953125,65.9800033569336,39.880001068115234,8.717469215393066,607.5558471679688,362.5,8.876999855041504,227.9499969482422,31.865297317504883
2025-11-06,208.64999389648438,894.1000366210938,65.33999633789062,43.31999969482422,8.674545288085938,594.8654174804688,354.25,8.942999839782715,217.9499969482422,31.70389175415039
2025-11-07,208.0500030517578,869.6328735351562,65.48999786376953,43.0099983215332,8.64723014831543,598.0380249023438,354.45001220703125,8.848999977111816,217.9499969482422,31.762584686279297
2025-11-10,211.10000610351562,885.5115966796875,67.0,44.0,8.68527603149414,612.6122436523438,353.95001220703125,9.173999786376953,216.25,32.06093978881836
2025-11-11,211.0,885.7113647460938,67.55000305175781,44.400001525878906,8.736004829406738,627.48388671875,356.70001220703125,9.309000015258789,217.0500030517578,32.63319396972656
2025-11-12,212.0,890.604736328125,69.29000091552734,45.18000030517578,8.719420433044434,641.6614990234375,356.8999938964844,9.564000129699707,218.39999389648438,32.281036376953125
2025-11-13,210.25,880.3185424804688,69.58999633789062,44.560001373291016,8.736980438232422,631.3504638671875,359.1000061035156,9.550000190734863,218.39999389648438,32.15544128417969
2025-11-14,206.5,872.928466796875,68.83000183105469,43.970001220703125,8.759418487548828,631.5487670898438,359.0,9.291000366210938,211.10000610351562,32.14555358886719
2025-11-17,207.3000030517578,875.2254028320312,68.30000305175781,42.9900016784668,8.859898567199707,618.6600341796875,354.54998779296875,9.100000381469727,207.0,32.214778900146484
2025-11-18,204.14999389648438,864.4398193359375,66.69000244140625,42.09000015258789,8.784782409667969,606.0686645507812,351.75,8.77299976348877,205.35000610351562,31.764806747436523
2025-11-19,203.25,885.4116821289062,67.06999969482422,42.75,8.518458366394043,604.3832397460938,350.6499938964844,8.920000076293945,205.5,31.438459396362305
2025-11-20,204.39999389648438,888.607421875,70.0199966430664,42.52000045776367,8.574064254760742,614.2976684570312,352.1499938964844,8.92199993133545,206.60000610351562,31.730194091796875
2025-11-21,202.75,832.8822021484375,70.47000122070312,43.0,8.56918716430664,617.6685791015625,361.5,8.805000305175781,205.0,31.423622131347656
2025-11-24,200.0500030517578,857.6489868164062,70.41999816894531,43.81999969482422,8.643327713012695,616.3796997070312,365.29998779296875,8.82800006866455,207.5,31.24561309814453
2025-11-25,201.75,859.14697265625,71.7699966430664,44.040000915527344,8.562357902526855,614.000244140625,367.20001220703125,9.03600025177002,204.85000610351562,31.27033805847168
2025-11-26,204.85000610351562,908.081298828125,72.33999633789062,44.790000915527344,8.61406135559082,620.0480346679688,373.8999938964844,9.213000297546387,206.6999969482422,31.304950714111328
2025-11-27,204.14999389648438,895.9974975585938,73.38999938964844,45.0,8.68234920501709,622.0309448242188,372.6000061035156,9.241000175476074,207.0,31.20111083984375
2025-11-28,204.4499969482422,902.189208984375,73.69000244140625,44.83000183105469,8.690154075622559,630.0615844726562,375.6000061035156,9.243000030517578,208.5500030517578,31.5076847076416
2025-12-01,192.5800018310547,925.4580078125,73.44000244140625,45.459999084472656,8.691130638122559,637.2000122070312,377.95001220703125,9.295000076293945,208.89999389648438,31.646135330200195
2025-12-02,190.5,937.84130859375,75.08000183105469,45.02000045776367,8.734053611755371,636.2000122070312,371.75,9.430999755859375,207.85000610351562,31.473072052001953
2025-12-03,198.1199951171875,962.1088256835938,74.25,44.9900016784668,8.626744270324707,630.2999877929688,369.25,9.315999984741211,206.5,31.754919052124023
2025-12-04,197.02000427246094,956.0169677734375,75.69000244140625,45.5099983215332,8.606256484985352,633.0999755859375,368.79998779296875,9.482000350952148,210.14999389648438,31.759864807128906
2025-12-05,196.6999969482422,950.3245849609375,75.38999938964844,45.58000183105469,8.558455467224121,628.0999755859375,372.75,9.460000038146973,213.25,31.344507217407227
2025-12-08,198.0800018310547,961.9090576171875,76.41999816894531,45.83000183105469,8.547724723815918,625.2000122070312,365.3500061035156,9.489999771118164,210.10000610351562,31.215946197509766
2025-12-09,195.44000244140625,951.6228637695312,77.54000091552734,45.900001525878906,8.507726669311523,616.2999877929688,368.20001220703125,9.52400016784668,210.0,31.03793716430664
2025-12-10,193.97999572753906,944.7321166992188,77.01000213623047,45.77000045776367,8.468705177307129,618.7999877929688,370.79998779296875,9.60099983215332,210.9499969482422,30.780811309814453
2025-12-11,193.27999877929688,939.6389770507812,78.66999816894531,47.0,8.501873970031738,625.2000122070312,371.95001220703125,9.777999877929688,209.3000030517578,30.667083740234375
2025-12-12,194.02000427246094,924.059814453125,78.08999633789062,46.97999954223633,8.506752014160156,624.5,370.04998779296875,9.631999969482422,208.1999969482422,30.355566024780273
2025-12-15,196.1199951171875,929.752197265625,79.08000183105469,47.099998474121094,8.64723014831543,626.0999755859375,373.20001220703125,9.873000144958496,208.1999969482422,30.46929359436035
2025-12-16,192.9600067138672,907.3822021484375,78.86000061035156,46.720001220703125,8.563333511352539,636.5,373.70001220703125,9.817000389099121,206.64999389648438,29.767147064208984
2025-12-17,190.39999389648438,872.82861328125,80.08000183105469,46.20000076293945,8.410173416137695,631.7000122070312,375.70001220703125,9.871000289916992,206.64999389648438,30.019325256347656
2025-12-18,194.0399932861328,891.5035400390625,80.23999786376953,46.619998931884766,8.411148071289062,637.4000244140625,375.8999938964844,9.994999885559082,206.64999389648438,30.10338592529297
2025-12-19,195.83999633789062,900.3916015625,80.5999984741211,46.68000030517578,8.524311065673828,631.7000122070312,371.0,9.970000267028809,208.8000030517578,30.54840850830078
2025-12-22,195.72000122070312,894.7991333007812,80.25,46.58000183105469,8.490167617797852,627.7000122070312,366.45001220703125,9.939000129699707,208.5500030517578,30.667083740234375
2025-12-23,196.72000122070312,901.989501953125,80.61000061035156,46.59000015258789,8.554553985595703,627.2999877929688,362.54998779296875,10.001999855041504,207.6999969482422,30.64236068725586
2025-12-24,195.9600067138672,897.7951049804688,80.5199966430664,,,632.0999755859375,363.79998779296875,9.98900032043457,,30.672027587890625
2025-12-29,196.0,905.5846557617188,80.22000122070312,46.65999984741211,8.598453521728516,633.2000122070312,365.29998779296875,9.965999603271484,208.4499969482422,30.780811309814453
2025-12-30,198.94000244140625,917.1691284179688,81.0999984741211,46.72999954223633,8.659912109375,639.2999877929688,366.95001220703125,10.12600040435791,208.35000610351562,31.018157958984375
2025-12-31,198.39999389648438,920.1651000976562,80.79000091552734,,,645.0,366.6000061035156,10.069999694824219,,31.126941680908203
2026-01-02,203.6999969482422,984.9780883789062,81.91999816894531,46.90999984741211,8.77990436553955,641.7999877929688,364.70001220703125,10.251999855041504,201.9499969482422,31.384065628051758
2026-01-05,208.0,1051.788330078125,81.87000274658203,47.33000183105469,8.843314170837402,642.7999877929688,363.29998779296875,10.326000213623047,206.1999969482422,31.34945297241211
2026-01-06,209.39999389648438,1059.5780029296875,80.56999969482422,48.31999969482422,8.97501277923584,644.4000244140625,368.70001220703125,10.3100004196167,202.0500030517578,31.448347091674805
2026-01-07,213.75,1050.390380859375,79.69999694824219,48.290000915527344,9.043301582336426,629.2999877929688,356.0,10.130000114440918,208.39999389648438,30.38028907775879
2026-01-08,215.1999969482422,1011.642333984375,82.5,48.060001373291016,9.04427719116211,634.5,362.8999938964844,10.211999893188477,206.5,29.332012176513672
2026-01-09,215.10000610351562,1080.150390625,87.19999694824219,48.08000183105469,9.025741577148438,652.0999755859375,385.8500061035156,10.251999855041504,212.35000610351562,30.202281951904297
2026-01-12,216.14999389648438,1084.9439697265625,86.9800033569336,48.380001068115234,9.04622745513916,648.2999877929688,392.3999938964844,10.338000297546387,213.10000610351562,30.409957885742188
2026-01-13,220.1999969482422,1101.1221923828125,86.9000015258789,47.869998931884766,8.945747375488281,646.5999755859375,391.3999938964844,10.484000205993652,213.4499969482422,31.107162475585938
2026-01-14,215.4499969482422,1082.746826171875,87.0,47.709999084472656,9.09305477142334,637.9000244140625,391.45001220703125,10.489999771118164,206.10000610351562,31.34945297241211
2026-01-15,214.85000610351562,1147.8594970703125,87.37999725341797,48.220001220703125,9.067689895629883,625.7000122070312,387.1499938964844,10.539999961853027,205.60000610351562,31.42856788635254
2026-01-16,217.39999389648438,1165.6356201171875,87.20999908447266,47.81999969482422,9.175000190734863,609.2000122070312,384.8500061035156,10.53600025177002,202.14999389648438,31.517574310302734
2026-01-19,210.39999389648438,1118.8984375,86.8499984741211,46.439998626708984,9.0600004196167,582.7999877929688,380.95001220703125,10.494000434875488,195.9600067138672,31.28022575378418
2026-01-20,207.9499969482422,1138.4720458984375,86.41999816894531,46.15999984741211,8.937000274658203,570.0,384.3500061035156,10.32800006866455,194.0,31.062660217285156
2026-01-21,207.39999389648438,1153.2523193359375,85.76000213623047,46.0,8.838000297546387,585.2000122070312,385.3999938964844,10.324000358581543,191.0399932861328,31.211000442504883
2026-01-22,206.75,1174.8233642578125,88.3499984741211,46.75,9.032999992370605,595.7000122070312,387.25,10.631999969482422,189.83999633789062,30.56818962097168
2026-01-23,206.8000030517578,1176.620849609375,88.13999938964844,46.0,9.017000198364258,591.4000244140625,386.25,10.477999687194824,197.9199981689453,30.835203170776367
2026-01-26,202.39999389648438,1176.421142578125,88.54000091552734,46.31999969482422,9.11400032043457,588.0,384.8999938964844,10.654000282287598,200.9499969482422,30.662137985229492
2026-01-27,199.39999389648438,1215.968017578125,90.1500015258789,47.029998779296875,9.251999855041504,589.2999877929688,380.0,10.788000106811523,195.5399932861328,30.81048011779785
2026-01-28,195.05999755859375,1192.7991943359375,90.38999938964844,46.400001525878906,9.22700023651123,542.7999877929688,380.45001220703125,10.597999572753906,196.13999938964844,31.285171508789062
2026-01-29,194.0,1190.40234375,90.04000091552734,46.880001068115234,9.25,542.4000244140625,388.1000061035156,10.62600040435791,164.6199951171875,32.05654525756836
2026-01-30,193.39999389648438,1213.970703125,91.19999694824219,47.31999969482422,9.307999610900879,546.9000244140625,387.0,10.779999732971191,170.55999755859375,31.96754264831543
2026-02-02,193.8000030517578,1223.158447265625,92.37999725341797,47.56999969482422,9.317999839782715,538.2999877929688,388.70001220703125,11.04800033569336,175.10000610351562,31.8686466217041
2026-02-03,190.24000549316406,1188.8045654296875,91.91999816894531,48.349998474121094,9.40999984741211,529.0,386.45001220703125,11.086000442504883,167.0,32.076324462890625
2026-02-04,188.25999450683594,1139.0712890625,90.93000030517578,49.54999923706055,9.529000282287598,536.0999755859375,399.3999938964844,10.699999809265137,167.1999969482422,32.87736511230469
2026-02-05,189.52000427246094,1148.0592041015625,91.9800033569336,49.470001220703125,9.486000061035156,538.2000122070312,394.70001220703125,10.465999603271484,170.47999572753906,31.631301879882812
2026-02-06,191.3000030517578,1192.2000732421875,93.18000030517578,49.70000076293945,9.477999687194824,536.2000122070312,394.04998779296875,10.65999984741211,171.22000122070312,31.735139846801758
2026-02-09,193.13999938964844,1204.800048828125,94.38999938964844,50.58000183105469,9.494999885559082,535.4000244140625,387.95001220703125,10.824000358581543,174.9199981689453,32.15544128417969
2026-02-10,191.6199951171875,1193.0,93.02999877929688,51.13999938964844,9.585000038146973,537.7000122070312,391.3999938964844,10.772000312805176,178.27999877929688,32.219722747802734
2026-02-11,187.24000549316406,1207.800048828125,92.69999694824219,51.279998779296875,9.75100040435791,525.0999755859375,391.8999938964844,10.449999809265137,169.0,33.18394088745117
2026-02-12,190.4199981689453,1179.800048828125,91.58999633789062,48.779998779296875,9.583999633789062,524.5,391.6499938964844,10.29800033569336,169.6999969482422,32.83286666870117
2026-02-13,192.4199981689453,1190.4000244140625,89.4000015258789,49.18000030517578,9.305999755859375,514.2000122070312,372.3500061035156,10.034000396728516,171.72000122070312,32.71913528442383
2026-02-16,197.1999969482422,1195.0,90.83999633789062,48.91999816894531,9.180000305175781,518.2999877929688,385.04998779296875,10.288000106811523,168.36000061035156,32.714195251464844
2026-02-17,196.5,1199.199951171875,92.37000274658203,49.470001220703125,9.22599983215332,527.7000122070312,390.45001220703125,10.413999557495117,169.63999938964844,32.48179244995117
2026-02-18,200.64999389648438,1244.800048828125,94.25,49.650001525878906,9.291000366210938,533.9000244140625,394.54998779296875,10.720000267028809,173.3800048828125,33.26799774169922
2026-02-19,187.10000610351562,1238.199951171875,93.83999633789062,49.91999816894531,8.956999778747559,531.5,395.0,10.583999633789062,170.74000549316406,33.724998474121094
2026-02-20,189.74000549316406,1255.5999755859375,94.7300033569336,49.95000076293945,9.081999778747559,554.7000122070312,401.1499938964844,10.755999565124512,173.8000030517578,33.66999816894531
2026-02-23,183.13999938964844,1249.199951171875,95.8499984741211,49.5,9.699999809265137,558.0,397.1000061035156,10.928000450134277,167.86000061035156,33.96500015258789
2026-02-24,182.83999633789062,1263.4000244140625,94.4800033569336,49.11000061035156,9.798999786376953,561.7999877929688,403.1000061035156,10.652000427246094,165.83999633789062,34.17499923706055
2026-02-25,184.47999572753906,1288.4000244140625,96.37000274658203,49.439998626708984,9.994999885559082,553.0,398.5,11.163999557495117,166.77999877929688,34.56999969482422
2026-02-26,186.74000549316406,1232.4000244140625,96.30000305175781,49.81999969482422,10.163999557495117,551.5999755859375,397.45001220703125,11.097999572753906,172.22000122070312,34.68000030517578
2026-02-27,184.24000549316406,1233.4000244140625,95.5,50.099998474121094,10.194000244140625,544.0999755859375,397.3999938964844,10.789999961853027,170.9600067138672,35.0
2026-03-02,180.27999877929688,1210.4000244140625,92.08000183105469,48.66999816894531,9.984999656677246,520.5,380.95001220703125,10.267999649047852,167.10000610351562,35.93000030517578
2026-03-03,175.4199981689453,1161.800048828125,88.30999755859375,46.75,9.470999717712402,502.20001220703125,363.75,9.609000205993652,165.47999572753906,35.755001068115234
2026-03-04,177.1999969482422,1199.800048828125,89.31999969482422,48.119998931884766,9.569000244140625,507.3999938964844,374.29998779296875,9.982000350952148,167.3800048828125,35.21500015258789
2026-03-05,175.8800048828125,1186.0,87.02999877929688,45.88999938964844,9.461999893188477,505.79998779296875,371.45001220703125,9.701000213623047,170.97999572753906,35.7599983215332
2026-03-06,175.5,1147.0,86.3499984741211,46.16999816894531,9.404999732971191,502.20001220703125,370.8999938964844,9.581999778747559,172.74000549316406,36.16999816894531
2026-03-09,175.4199981689453,1147.5999755859375,85.33000183105469,45.5099983215332,9.390000343322754,497.70001220703125,362.8999938964844,9.468999862670898,171.8800048828125,37.064998626708984
2026-03-10,177.89999389648438,1200.0,88.37000274658203,46.77000045776367,9.60099983215332,504.5,363.04998779296875,10.01200008392334,169.60000610351562,36.724998474121094
2026-03-11,176.9199981689453,1198.800048828125,89.44000244140625,46.279998779296875,9.456000328063965,500.29998779296875,361.8999938964844,9.852999687194824,165.44000244140625,37.560001373291016
2026-03-12,172.0399932861328,1180.4000244140625,85.80000305175781,45.939998626708984,9.486000061035156,495.0,359.25,9.647000312805176,167.02000427246094,38.53499984741211
2026-03-13,168.3800048828125,1179.5999755859375,84.88999938964844,45.04999923706055,9.710000038146973,473.70001220703125,353.6499938964844,9.53600025177002,166.44000244140625,38.94499969482422
2026-03-16,169.9600067138672,1197.4000244140625,84.87999725341797,45.119998931884766,9.652000427246094,479.0,352.04998779296875,9.508999824523926,165.4600067138672,39.505001068115234
2026-03-17,170.32000732421875,1193.800048828125,85.87999725341797,44.65999984741211,9.916000366210938,472.25,352.3999938964844,9.593999862670898,166.24000549316406,40.19499969482422
2026-03-18,170.3000030517578,1191.0,87.30000305175781,45.36000061035156,9.583999633789062,468.54998779296875,350.20001220703125,9.678000450134277,161.44000244140625,40.060001373291016
2026-03-19,163.9600067138672,1168.5999755859375,84.48999786376953,43.93000030517578,9.437000274658203,460.25,345.29998779296875,9.350000381469727,160.0,40.095001220703125
2026-03-20,160.9199981689453,1128.199951171875,82.12999725341797,43.9900016784668,9.135000228881836,457.95001220703125,347.70001220703125,9.244999885559082,153.82000732421875,39.56999969482422
2026-03-23,166.39999389648438,1175.4000244140625,83.3499984741211,44.54999923706055,9.067000389099121,466.6000061035156,344.8999938964844,9.619000434875488,153.86000061035156,38.79999923706055
2026-03-24,164.55999755859375,1201.5999755859375,82.94000244140625,44.81999969482422,9.208000183105469,460.75,348.3999938964844,9.475000381469727,147.6199951171875,39.92499923706055
2026-03-25,168.4600067138672,1211.5999755859375,84.30999755859375,44.97999954223633,9.295000076293945,462.3500061035156,352.0,9.704999923706055,146.89999389648438,39.689998626708984
2026-03-26,163.39999389648438,1165.800048828125,81.87000274658203,44.720001220703125,9.208999633789062,458.29998779296875,350.8500061035156,9.470999717712402,144.63999938964844,40.15999984741211
2026-03-27,160.4199981689453,1146.4000244140625,81.08000183105469,44.16999816894531,9.145999908447266,455.75,350.0,9.402000427246094,142.55999755859375,40.150001525878906
2026-03-30,159.17999267578125,1112.0,80.91999816894531,44.709999084472656,9.404000282287598,463.6499938964844,351.25,9.489999771118164,147.02000427246094,40.915000915527344
2026-03-31,160.82000732421875,1119.199951171875,80.98999786376953,44.75,9.375,463.1000061035156,349.3500061035156,9.489999771118164,146.89999389648438,41.05500030517578
2026-04-01,167.89999389648438,1187.5999755859375,85.37999725341797,46.599998474121094,9.692000389099121,471.1000061035156,357.1499938964844,9.987000465393066,148.86000061035156,39.525001525878906
2026-04-02,165.13999938964844,1161.0,83.30000305175781,46.119998931884766,9.753000259399414,471.04998779296875,358.20001220703125,9.814000129699707,148.89999389648438,40.60499954223633
2026-04-07,162.6199951171875,1113.800048828125,83.72000122070312,45.72999954223633,9.767000198364258,466.8500061035156,350.79998779296875,9.720999717712402,145.22000122070312,40.81999969482422
2026-04-08,175.25999450683594,1212.5999755859375,89.9800033569336,48.33000183105469,9.85099983215332,498.8500061035156,366.79998779296875,10.460000038146973,149.6999969482422,39.099998474121094
2026-04-09,170.8000030517578,1234.800048828125,89.48999786376953,48.630001068115234,9.87600040435791,483.95001220703125,360.95001220703125,10.347999572753906,139.5,39.58000183105469
2026-04-10,169.5,1270.0,90.33000183105469,49.13999938964844,9.866000175476074,483.29998779296875,358.8999938964844,10.515999794006348,139.3800048828125,39.26499938964844
2026-04-13,170.4600067138672,1259.800048828125,89.7699966430664,48.2400016784668,9.822999954223633,481.75,356.79998779296875,10.350000381469727,142.5,39.8849983215332
2026-04-14,172.75999450683594,1284.199951171875,91.11000061035156,48.77000045776367,9.880999565124512,481.45001220703125,360.70001220703125,10.696000099182129,143.4600067138672,38.814998626708984
